FAMCODE,HAP_F1,HAP_F2,HAP_M1,HAP_M2,HAPS_INHERITANCE,PROBABILITY
2,A*02:01~B*18:01~C*07:01~DQB1*05:02~DRB1*16:01,A*02:01~B*44:02~C*05:01~DQB1*02:01~DRB1*07:01,A*29:02~B*44:03~C*16:01~DQB1*02:01~DRB1*07:01,A*30:02~B*41:02~C*17:01~DQB1*03:01~DRB1*13:03,C100004=F1~M1;C100005=F1~M1;C100006=F2~M1,1.7284617525246134e-13
3,A*01:01~B*37:01~C*06:02~DQB1*05:01~DRB1*01:01,A*02:01~B*44:02~C*05:01~DQB1*03:01~DRB1*04:01,A*02:01~B*13:02~C*06:02~DQB1*02:01~DRB1*07:01,A*24:02~B*35:03~C*04:01~DQB1*03:02~DRB1*04:03,C100007=F1~M2;C100008=F1~M2;C100009=F1~M2,1.522788567300077e-11
5,A*01:01~B*08:01~C*07:01~DQB1*02:01~DRB1*03:01,A*03:01~B*07:02~C*07:02~DQB1*03:01~DRB1*11:03,A*03:01~B*15:01~C*03:04~DQB1*02:01~DRB1*07:01,A*03:01~B*35:01~C*04:01~DQB1*02:01~DRB1*03:01,C100013=F2~M1;C100014=F2~M1;C100015=F1~M1,2.0211995107841197e-12
6,A*03:01~B*07:02~C*07:02~DQB1*03:02~DRB1*04:04,A*02:01~B*07:02~C*07:02~DQB1*06:02~DRB1*15:01,A*02:01~B*51:01~C*14:02~DQB1*03:01~DRB1*04:01,A*26:01~B*27:05~C*02:02~DQB1*05:01~DRB1*01:01,C100016=F2~M2;C100017=F1~M2;C100018=F2~M2,1.2456419461530767e-12
7,A*02:01~B*07:02~C*07:02~DQB1*06:02~DRB1*15:01,A*25:01~B*18:01~C*12:03~DQB1*06:02~DRB1*15:01,A*02:01~B*50:01~C*03:03~DQB1*02:01~DRB1*07:01,A*02:01~B*15:01~C*04:01~DQB1*04:02~DRB1*08:01,C100019=F2~M1;C100020=F2~M2,1.8612690665477668e-12
9,A*02:01~B*08:01~C*07:01~DQB1*02:01~DRB1*03:01,A*01:01~B*08:01~C*07:01~DQB1*06:02~DRB1*15:01,A*01:01~B*27:05~C*02:02~DQB1*03:01~DRB1*12:01,A*02:01~B*08:01~C*07:01~DQB1*02:01~DRB1*03:01,C100025=F1~M1;C100026=F1~M1;C100027=F1~M1,2.9116689757583135e-11
9,A*01:01~B*08:01~C*07:01~DQB1*02:01~DRB1*03:01,A*02:01~B*08:01~C*07:01~DQB1*06:02~DRB1*15:01,A*02:01~B*27:05~C*02:02~DQB1*03:01~DRB1*12:01,A*01:01~B*08:01~C*07:01~DQB1*02:01~DRB1*03:01,C100025=F1~M1;C100026=F1~M1;C100027=F1~M1,1.1677857273865983e-09
10,A*24:02~B*40:01~C*03:04~DQB1*03:02~DRB1*04:01,A*01:01~B*15:01~C*03:03~DQB1*05:01~DRB1*01:01,A*26:01~B*38:01~C*12:03~DQB1*03:02~DRB1*04:02,A*32:01~B*07:02~C*07:02~DQB1*06:02~DRB1*15:01,C100028=F1~M2;C100029=F1~M2;C100030=F2~M2,4.127745550041214e-13
11,A*11:01~B*18:01~C*07:01~DQB1*02:01~DRB1*07:01,A*11:01~B*35:01~C*04:01~DQB1*05:02~DRB1*16:01,A*02:01~B*57:01~C*06:02~DQB1*05:01~DRB1*10:01,A*02:01~B*44:02~C*05:01~DQB1*03:01~DRB1*12:01,C100031=F2~M1;C100032=F1~M2;C100033=F2~M1,4.119621739424467e-15
12,A*01:01~B*13:02~C*06:02~DQB1*02:01~DRB1*07:01,A*03:01~B*44:02~C*07:04~DQB1*05:02~DRB1*16:01,A*02:01~B*13:02~C*06:02~DQB1*02:01~DRB1*07:01,A*02:01~B*44:03~C*04:01~DQB1*02:01~DRB1*07:01,C100034=F1~M2;C100035=F2~M1;C100036=F2~M1,1.7193163337318203e-11
13,A*01:01~B*08:01~C*07:01~DQB1*02:01~DRB1*03:01,A*11:01~B*55:01~C*03:03~DQB1*03:02~DRB1*04:04,A*02:01~B*18:01~C*07:01~DQB1*03:01~DRB1*11:01,A*02:05~B*41:01~C*07:01~DQB1*03:01~DRB1*13:05,C100037=F2~M1;C100038=F2~M2;C100039=F2~M2,9.48711442116762e-12
14,A*11:01~B*52:01~C*12:02~DQB1*06:01~DRB1*15:02,A*26:01~B*44:02~C*05:01~DQB1*03:01~DRB1*11:03,A*31:01~B*40:01~C*03:04~DQB1*03:02~DRB1*04:04,A*02:01~B*57:01~C*06:02~DQB1*04:02~DRB1*08:01,C100040=F1~M2;C100041=F1~M2;C100042=F1~M2,1.1460727470768548e-13
15,A*32:01~B*14:01~C*08:02~DQB1*03:03~DRB1*07:01,A*32:01~B*40:02~C*02:02~DQB1*06:03~DRB1*13:01,A*01:01~B*08:01~C*07:01~DQB1*02:01~DRB1*03:01,A*02:01~B*51:01~C*14:02~DQB1*06:02~DRB1*15:01,C100043=F1~M1;C100044=F1~M2;C100045=F1~M1,2.3465535429844837e-12
17,A*02:01~B*18:01~C*07:01~DQB1*03:02~DRB1*04:03,A*03:02~B*08:01~C*07:01~DQB1*02:01~DRB1*03:01,A*01:01~B*37:01~C*06:02~DQB1*06:02~DRB1*15:01,A*02:01~B*13:02~C*06:02~DQB1*06:02~DRB1*15:01,C100049=F1~M1;C100050=F2~M1;C100051=F2~M1,4.2923176383235395e-13
18,A*24:02~B*18:01~C*07:01~DQB1*06:02~DRB1*15:01,A*02:01~B*07:02~C*07:02~DQB1*03:01~DRB1*11:01,A*68:01~B*35:01~C*04:01~DQB1*03:02~DRB1*04:02,A*01:01~B*57:01~C*06:02~DQB1*03:03~DRB1*07:01,C100052=F1~M1;C100053=F1~M2;C100054=F1~M2,4.328723595026512e-14
20,A*24:02~B*40:01~C*03:04~DQB1*03:01~DRB1*04:01,A*03:01~B*07:02~C*07:02~DQB1*06:03~DRB1*13:01,A*24:02~B*18:01~C*07:01~DQB1*03:01~DRB1*11:04,A*02:01~B*18:01~C*07:01~DQB1*03:01~DRB1*11:04,C100058=F1~M2;C100059=F1~M2;C100060=F2~M1,4.223666245936884e-12
21,A*24:02~B*40:02~C*02:02~DQB1*03:01~DRB1*11:01,A*01:01~B*37:01~C*06:02~DQB1*05:03~DRB1*14:01,A*11:01~B*07:02~C*07:02~DQB1*05:01~DRB1*01:01,A*30:01~B*13:02~C*06:02~DQB1*02:01~DRB1*07:01,C100061=F2~M1;C100062=F1~M2;C100063=F2~M1,5.541795216922726e-13
22,A*24:02~B*07:02~C*07:02~DQB1*06:02~DRB1*15:01,A*02:01~B*15:01~C*03:03~DQB1*06:03~DRB1*13:01,A*32:01~B*15:01~C*03:03~DQB1*03:02~DRB1*04:02,A*29:02~B*27:05~C*01:02~DQB1*05:01~DRB1*01:01,C100064=F1~M2;C100065=F2~M2;C100066=F2~M1,6.05263219864532e-15
24,A*26:01~B*56:01~C*01:02~DQB1*04:02~DRB1*08:01,A*03:01~B*35:03~C*04:01~DQB1*03:01~DRB1*11:01,A*24:02~B*35:03~C*04:01~DQB1*03:01~DRB1*11:01,A*26:01~B*15:01~C*03:03~DQB1*03:01~DRB1*11:01,C100070=F1~M2;C100071=F1~M2;C100072=F1~M2,7.445258061470267e-15
25,A*30:04~B*41:01~C*17:01~DQB1*02:01~DRB1*04:05,A*68:02~B*40:01~C*03:04~DQB1*05:01~DRB1*01:01,A*01:01~B*08:01~C*07:01~DQB1*02:01~DRB1*03:01,A*01:01~B*51:01~C*15:02~DQB1*06:03~DRB1*13:01,C100073=F2~M1;C100074=F2~M2;C100075=F2~M1,3.5453056863225478e-15
26,A*32:01~B*40:01~C*03:04~DQB1*06:04~DRB1*13:02,A*24:02~B*37:01~C*06:02~DQB1*02:01~DRB1*03:01,A*03:01~B*07:02~C*07:02~DQB1*05:01~DRB1*01:01,A*02:01~B*40:01~C*03:04~DQB1*03:02~DRB1*04:01,C100076=F2~M2;C100077=F1~M1;C100078=F1~M1,1.0947153045941164e-13
27,A*02:06~B*27:05~C*03:03~DQB1*03:02~DRB1*04:01,A*11:01~B*44:02~C*05:01~DQB1*03:01~DRB1*11:01,A*03:01~B*35:01~C*04:01~DQB1*06:02~DRB1*15:01,A*03:01~B*08:01~C*07:01~DQB1*03:02~DRB1*04:01,C100079=F1~M2;C100080=F1~M1;C100081=F1~M2,5.451605142134288e-15
28,A*02:01~B*44:02~C*05:01~DQB1*03:01~DRB1*11:01,A*32:01~B*27:05~C*01:02~DQB1*05:01~DRB1*01:01,A*03:01~B*40:01~C*03:04~DQB1*04:02~DRB1*08:01,A*01:01~B*08:01~C*07:01~DQB1*02:01~DRB1*03:01,C100082=F1~M2;C100083=F1~M2;C100084=F1~M1,3.8489129819304776e-11
29,A*01:01~B*37:01~C*06:02~DQB1*05:01~DRB1*10:01,A*02:01~B*07:02~C*07:02~DQB1*05:01~DRB1*01:01,A*26:01~B*57:01~C*06:02~DQB1*03:03~DRB1*07:01,A*03:02~B*57:01~C*06:02~DQB1*03:01~DRB1*11:04,C100085=F2~M2;C100086=F2~M1;C100087=F2~M2,1.7648410838245187e-14
30,A*11:01~B*35:01~C*04:01~DQB1*06:03~DRB1*13:01,A*11:01~B*18:01~C*07:01~DQB1*03:01~DRB1*11:04,A*02:01~B*15:01~C*03:04~DQB1*03:02~DRB1*04:01,A*02:01~B*40:01~C*03:04~DQB1*03:03~DRB1*07:01,C100088=F2~M2;C100089=F1~M2;C100090=F1~M1,1.5827024960378381e-12
32,A*03:02~B*08:01~C*07:01~DQB1*02:01~DRB1*03:01,A*26:01~B*38:01~C*12:03~DQB1*05:02~DRB1*16:01,A*02:01~B*47:01~C*06:02~DQB1*03:01~DRB1*11:01,A*02:01~B*15:01~C*03:03~DQB1*06:03~DRB1*13:01,C100094=F1~M2;C100095=F1~M2;C100096=F1~M1,5.070892034047355e-14
33,A*02:01~B*07:02~C*07:02~DQB1*06:02~DRB1*15:01,A*24:02~B*07:02~C*07:02~DQB1*03:01~DRB1*04:01,A*03:01~B*15:01~C*03:03~DQB1*06:02~DRB1*15:01,A*03:01~B*35:01~C*04:01~DQB1*05:01~DRB1*01:01,C100097=F2~M2;C100098=F2~M2;C100099=F2~M2,4.427503718838733e-11
34,A*26:08~B*18:01~C*07:01~DQB1*03:01~DRB1*11:04,A*68:01~B*35:01~C*04:01~DQB1*02:01~DRB1*07:01,A*29:02~B*44:03~C*16:01~DQB1*02:01~DRB1*07:01,A*31:01~B*44:02~C*05:01~DQB1*02:01~DRB1*03:01,C100100=F1~M2;C100101=F1~M2;C100102=F1~M1,9.767843176089797e-17
35,A*01:01~B*08:01~C*07:01~DQB1*02:01~DRB1*07:01,A*23:01~B*44:03~C*04:01~DQB1*03:02~DRB1*04:02,A*24:02~B*07:02~C*07:02~DQB1*05:01~DRB1*01:01,A*03:01~B*08:01~C*07:01~DQB1*02:01~DRB1*03:01,C100103=F2~M2;C100104=F1~M2;C100105=F2~M2,1.150080606357193e-12
36,A*02:01~B*15:01~C*03:03~DQB1*05:03~DRB1*14:01,A*02:01~B*44:02~C*05:01~DQB1*03:02~DRB1*04:01,A*03:01~B*07:02~C*07:02~DQB1*06:04~DRB1*13:02,A*30:02~B*18:01~C*05:01~DQB1*02:01~DRB1*03:01,C100106=F2~M2;C100107=F1~M1;C100108=F2~M2,9.448379952383042e-12
37,A*02:01~B*07:02~C*07:02~DQB1*06:02~DRB1*15:01,A*01:01~B*08:01~C*07:01~DQB1*02:01~DRB1*03:01,A*01:01~B*07:02~C*07:02~DQB1*06:02~DRB1*15:01,A*31:01~B*39:01~C*12:03~DQB1*06:03~DRB1*13:01,C100109=F2~M1;C100110=F1~M1,1.6064810375812032e-09
39,A*01:01~B*52:01~C*12:02~DQB1*05:02~DRB1*16:01,A*02:01~B*44:02~C*05:01~DQB1*03:01~DRB1*04:01,A*68:01~B*27:05~C*02:02~DQB1*06:03~DRB1*13:01,A*01:01~B*07:02~C*07:02~DQB1*06:02~DRB1*15:01,C100115=F2~M1;C100116=F2~M2;C100117=F2~M1,1.5281655287833811e-12
40,A*24:02~B*07:02~C*07:02~DQB1*03:01~DRB1*11:01,A*24:02~B*51:01~C*15:02~DQB1*05:03~DRB1*14:01,A*01:01~B*13:02~C*06:02~DQB1*02:01~DRB1*07:01,A*02:01~B*07:02~C*07:02~DQB1*03:02~DRB1*04:01,C100118=F2~M2;C100119=F2~M2;C100120=F2~M2,1.4000127605494264e-13
41,A*02:01~B*07:04~C*07:02~DQB1*06:02~DRB1*15:01,A*31:01~B*27:05~C*02:02~DQB1*05:01~DRB1*01:01,A*23:01~B*44:03~C*04:01~DQB1*02:01~DRB1*07:01,A*01:01~B*13:02~C*06:02~DQB1*02:01~DRB1*07:01,C100121=F2~M1;C100122=F2~M1;C100123=F1~M1,8.196009239652614e-13
42,A*03:01~B*07:02~C*07:02~DQB1*06:02~DRB1*15:01,A*02:01~B*44:02~C*05:01~DQB1*06:03~DRB1*13:01,A*02:01~B*07:02~C*07:02~DQB1*06:02~DRB1*15:01,A*01:01~B*15:17~C*07:01~DQB1*03:01~DRB1*13:03,C100124=F1~M1;C100125=F2~M2;C100126=F1~M1,3.395798625795771e-10
43,A*01:01~B*08:01~C*07:01~DQB1*02:01~DRB1*03:01,A*29:02~B*15:01~C*01:02~DQB1*03:02~DRB1*04:04,A*01:01~B*08:01~C*07:01~DQB1*02:01~DRB1*03:01,A*11:01~B*56:01~C*01:02~DQB1*05:01~DRB1*01:01,C100127=F1~M2;C100128=F1~M1;C100129=F2~M2,3.5929535740812683e-11
44,A*24:02~B*14:02~C*08:02~DQB1*02:01~DRB1*03:01,A*31:01~B*49:01~C*07:02~DQB1*03:01~DRB1*11:02,A*01:01~B*08:01~C*07:01~DQB1*02:01~DRB1*03:01,A*03:01~B*47:01~C*06:02~DQB1*02:01~DRB1*07:01,C100130=F1~M1;C100131=F2~M1;C100132=F2~M1,5.910801271974184e-15
45,A*24:02~B*18:01~C*06:02~DQB1*03:01~DRB1*11:04,A*03:01~B*07:02~C*07:02~DQB1*05:01~DRB1*01:03,A*01:01~B*57:01~C*06:02~DQB1*03:03~DRB1*07:01,A*30:02~B*18:01~C*05:01~DQB1*06:02~DRB1*15:01,C100133=F2~M1;C100134=F1~M1;C100135=F2~M2,7.336318946319589e-15
46,A*29:02~B*44:03~C*16:01~DQB1*02:01~DRB1*07:01,A*01:01~B*08:01~C*07:01~DQB1*02:01~DRB1*03:01,A*01:01~B*58:01~C*07:01~DQB1*04:02~DRB1*08:04,A*01:01~B*08:01~C*07:01~DQB1*03:02~DRB1*04:04,C100136=F2~M1;C100137=F2~M1;C100138=F1~M1,4.880317747930581e-10
47,A*03:01~B*56:01~C*01:02~DQB1*05:01~DRB1*01:01,A*02:01~B*07:02~C*07:02~DQB1*06:02~DRB1*15:01,A*02:05~B*50:01~C*06:02~DQB1*03:02~DRB1*04:04,A*24:02~B*40:01~C*03:04~DQB1*03:02~DRB1*04:04,C100139=F1~M1;C100140=F1~M2;C100141=F2~M2,7.738262061382812e-13
48,A*68:01~B*40:01~C*03:04~DQB1*06:04~DRB1*13:02,A*03:01~B*15:01~C*03:04~DQB1*03:02~DRB1*04:01,A*02:01~B*51:01~C*15:02~DQB1*05:02~DRB1*16:01,A*03:01~B*07:02~C*07:02~DQB1*06:02~DRB1*15:01,C100142=F1~M2;C100143=F2~M1;C100144=F2~M1,2.789980279255539e-11
52,A*23:01~B*44:03~C*04:01~DQB1*02:01~DRB1*07:01,A*33:01~B*14:02~C*08:02~DQB1*05:01~DRB1*01:02,A*03:01~B*07:02~C*07:02~DQB1*06:02~DRB1*15:01,A*11:01~B*27:05~C*01:02~DQB1*03:01~DRB1*01:03,C100154=F1~M1;C100155=F2~M2;C100156=F1~M2,6.742731296731892e-11
55,A*02:01~B*39:01~C*07:02~DQB1*05:01~DRB1*01:01,A*01:01~B*57:01~C*06:02~DQB1*05:01~DRB1*01:03,A*02:01~B*13:02~C*06:02~DQB1*03:01~DRB1*04:01,A*02:01~B*44:02~C*05:01~DQB1*03:01~DRB1*11:01,C100163=F1~M2;C100164=F1~M2;C100165=F1~M1,9.766737332059529e-15
56,A*03:01~B*07:02~C*07:02~DQB1*06:02~DRB1*15:01,A*33:01~B*14:02~C*08:02~DQB1*05:01~DRB1*01:02,A*02:01~B*40:01~C*03:04~DQB1*06:02~DRB1*15:01,A*01:01~B*08:01~C*07:01~DQB1*03:03~DRB1*07:01,C100166=F1~M1;C100167=F1~M1;C100168=F1~M2,6.702159365654421e-10
57,A*03:01~B*27:05~C*01:02~DQB1*05:01~DRB1*01:01,A*03:01~B*07:02~C*07:02~DQB1*06:02~DRB1*15:01,A*30:02~B*27:05~C*02:02~DQB1*06:02~DRB1*15:01,A*01:01~B*15:01~C*03:03~DQB1*06:03~DRB1*13:01,C100169=F2~M2;C100170=F2~M1;C100171=F1~M1,7.745097198884298e-13
58,A*01:01~B*49:01~C*07:01~DQB1*03:01~DRB1*11:02,A*03:01~B*35:01~C*04:01~DQB1*05:01~DRB1*01:01,A*31:01~B*35:02~C*04:01~DQB1*03:05~DRB1*04:03,A*23:01~B*41:02~C*17:01~DQB1*02:01~DRB1*07:01,C100172=F2~M1;C100173=F1~M2;C100174=F2~M1,9.567236953557684e-14
59,A*02:01~B*44:02~C*05:01~DQB1*03:01~DRB1*11:01,A*02:01~B*15:01~C*03:03~DQB1*06:03~DRB1*13:01,A*24:02~B*35:02~C*04:01~DQB1*03:01~DRB1*11:04,A*03:01~B*39:01~C*12:03~DQB1*05:02~DRB1*16:01,C100175=F2~M2;C100176=F2~M2;C100177=F2~M2,2.3720344454180196e-11
60,A*03:01~B*07:02~C*07:02~DQB1*06:02~DRB1*15:01,A*24:02~B*18:01~C*12:03~DQB1*06:02~DRB1*15:01,A*02:01~B*08:01~C*07:01~DQB1*06:02~DRB1*15:01,A*68:02~B*53:01~C*04:01~DQB1*06:04~DRB1*13:02,C100178=F2~M2;C100179=F2~M1;C100180=F1~M2,9.473923013115833e-12
62,A*29:02~B*44:03~C*16:01~DQB1*02:01~DRB1*07:01,A*33:01~B*14:02~C*08:02~DQB1*05:01~DRB1*01:02,A*11:01~B*56:01~C*01:02~DQB1*03:03~DRB1*07:01,A*02:05~B*50:01~C*06:02~DQB1*05:02~DRB1*16:01,C100184=F1~M2;C100185=F1~M2;C100186=F1~M1,3.9878718111109066e-13
63,A*31:01~B*27:05~C*02:02~DQB1*03:02~DRB1*04:01,A*25:01~B*47:01~C*06:02~DQB1*06:02~DRB1*15:01,A*01:01~B*57:03~C*06:02~DQB1*05:02~DRB1*16:01,A*68:01~B*55:01~C*03:03~DQB1*05:03~DRB1*14:01,C100187=F1~M1;C100188=F1~M1;C100189=F2~M2,2.2641335256520326e-19
65,A*01:01~B*57:01~C*06:02~DQB1*03:03~DRB1*07:01,A*02:01~B*57:01~C*06:02~DQB1*03:03~DRB1*07:01,A*02:01~B*44:02~C*05:01~DQB1*03:01~DRB1*04:01,A*01:01~B*08:01~C*07:01~DQB1*02:01~DRB1*03:01,C100193=F2~M2;C100194=F1~M1;C100195=F1~M1,2.1844556271413747e-07
65,A*01:01~B*57:01~C*06:02~DQB1*03:03~DRB1*07:01,A*02:01~B*57:01~C*06:02~DQB1*03:03~DRB1*07:01,A*01:01~B*44:02~C*05:01~DQB1*03:01~DRB1*04:01,A*02:01~B*08:01~C*07:01~DQB1*02:01~DRB1*03:01,C100193=F1~M2;C100194=F2~M1;C100195=F2~M1,1.2239104650227874e-09
66,A*02:01~B*57:01~C*06:02~DQB1*03:03~DRB1*07:01,A*02:02~B*41:01~C*17:01~DQB1*02:01~DRB1*04:05,A*01:01~B*51:01~C*14:02~DQB1*06:03~DRB1*13:01,A*02:01~B*51:01~C*14:02~DQB1*04:02~DRB1*08:01,C100196=F1~M2;C100197=F1~M2;C100198=F2~M2,1.1003320800397324e-12
67,A*11:01~B*40:02~C*02:02~DQB1*06:03~DRB1*13:01,A*24:02~B*51:01~C*15:02~DQB1*06:02~DRB1*15:01,A*26:01~B*07:02~C*07:02~DQB1*03:02~DRB1*04:04,A*01:01~B*07:02~C*07:02~DQB1*03:02~DRB1*04:04,C100199=F1~M1;C100200=F1~M1;C100201=F1~M2,1.673144611249352e-15
69,A*23:01~B*49:01~C*07:01~DQB1*06:04~DRB1*13:02,A*02:01~B*35:01~C*02:02~DQB1*05:01~DRB1*01:01,A*03:01~B*07:02~C*07:02~DQB1*06:02~DRB1*15:01,A*02:01~B*44:02~C*07:04~DQB1*05:02~DRB1*16:01,C100205=F2~M1;C100206=F1~M1;C100207=F1~M1,1.0126026827467297e-13
70,A*32:01~B*44:02~C*05:01~DQB1*03:01~DRB1*11:04,A*25:01~B*44:02~C*05:01~DQB1*03:01~DRB1*12:01,A*02:01~B*15:01~C*03:04~DQB1*05:01~DRB1*01:01,A*03:01~B*07:02~C*07:02~DQB1*05:01~DRB1*01:01,C100208=F1~M1;C100209=F1~M2;C100210=F2~M1,2.1977919821643688e-13
71,A*02:01~B*15:01~C*03:03~DQB1*06:02~DRB1*15:01,A*02:01~B*49:01~C*07:01~DQB1*06:02~DRB1*15:01,A*02:01~B*07:02~C*07:02~DQB1*06:02~DRB1*15:01,A*32:01~B*44:03~C*04:01~DQB1*05:01~DRB1*01:02,C100211=F2~M2;C100212=F1~M1;C100213=F1~M1,2.0727018149342408e-12
74,A*24:02~B*38:01~C*12:03~DQB1*05:03~DRB1*14:01,A*29:02~B*44:03~C*16:01~DQB1*02:01~DRB1*07:01,A*24:02~B*55:01~C*03:03~DQB1*05:03~DRB1*14:01,A*31:01~B*51:01~C*15:02~DQB1*03:01~DRB1*04:07,C100220=F2~M1;C100221=F2~M2;C100222=F2~M2,7.785824095517422e-12
75,A*26:01~B*55:01~C*03:03~DQB1*05:03~DRB1*14:01,A*26:01~B*15:17~C*07:01~DQB1*06:09~DRB1*13:02,A*03:01~B*51:01~C*01:02~DQB1*05:01~DRB1*01:01,A*25:01~B*44:02~C*07:04~DQB1*03:01~DRB1*11:01,C100223=F1~M1;C100224=F1~M1;C100225=F1~M1,3.5451066742511614e-16
76,A*03:01~B*35:01~C*04:01~DQB1*02:01~DRB1*03:01,A*02:01~B*08:01~C*07:01~DQB1*05:01~DRB1*01:01,A*11:01~B*35:01~C*04:01~DQB1*05:03~DRB1*14:01,A*02:01~B*44:02~C*05:01~DQB1*06:02~DRB1*15:01,C100226=F2~M2;C100227=F1~M1;C100228=F1~M1,2.8190265454032535e-12
77,A*01:01~B*08:01~C*07:01~DQB1*03:01~DRB1*11:01,A*24:02~B*35:03~C*12:03~DQB1*05:03~DRB1*14:01,A*01:01~B*08:01~C*07:01~DQB1*02:01~DRB1*03:01,A*03:01~B*07:02~C*07:02~DQB1*04:02~DRB1*08:01,C100229=F2~M2;C100230=F1~M1;C100231=F1~M1,1.602652889651373e-10
78,A*03:01~B*07:02~C*07:02~DQB1*03:02~DRB1*04:01,A*11:01~B*55:01~C*03:03~DQB1*05:01~DRB1*01:03,A*02:01~B*44:02~C*07:04~DQB1*03:01~DRB1*11:01,A*03:01~B*18:01~C*07:01~DQB1*03:02~DRB1*04:01,C100232=F1~M2;C100233=F2~M2;C100234=F2~M2,3.7423710476039635e-14
80,A*01:01~B*08:01~C*07:01~DQB1*03:02~DRB1*04:01,A*30:01~B*13:02~C*06:02~DQB1*02:01~DRB1*07:01,A*02:01~B*18:01~C*05:01~DQB1*02:01~DRB1*03:01,A*01:01~B*08:01~C*07:01~DQB1*02:01~DRB1*03:01,C100238=F1~M1;C100239=F1~M1;C100240=F1~M2,2.74342178983963e-09
81,A*01:01~B*57:01~C*06:02~DQB1*03:01~DRB1*11:01,A*02:01~B*27:05~C*02:02~DQB1*03:03~DRB1*09:01,A*01:01~B*08:01~C*07:01~DQB1*02:01~DRB1*03:01,A*03:01~B*07:02~C*07:02~DQB1*06:02~DRB1*15:01,C100241=F1~M2;C100242=F1~M1;C100243=F1~M1,3.123109832174518e-10
82,A*25:01~B*18:01~C*12:03~DQB1*02:01~DRB1*07:01,A*02:01~B*51:01~C*02:02~DQB1*03:01~DRB1*11:01,A*02:01~B*53:01~C*04:01~DQB1*06:04~DRB1*13:02,A*02:01~B*44:02~C*05:01~DQB1*03:02~DRB1*04:02,C100244=F1~M1;C100245=F2~M2;C100246=F1~M2,2.509076998809851e-13
83,A*03:01~B*07:02~C*07:02~DQB1*06:02~DRB1*15:01,A*11:01~B*35:01~C*04:01~DQB1*05:01~DRB1*01:01,A*01:01~B*08:01~C*07:01~DQB1*03:02~DRB1*04:01,A*23:01~B*44:03~C*04:01~DQB1*02:01~DRB1*07:01,C100247=F2~M2;C100248=F2~M2;C100249=F2~M2,4.770094954088382e-09
85,A*01:01~B*08:01~C*07:01~DQB1*02:01~DRB1*03:01,A*24:02~B*51:01~C*04:01~DQB1*03:01~DRB1*04:07,A*02:01~B*08:01~C*07:01~DQB1*02:01~DRB1*03:01,A*02:01~B*44:02~C*05:01~DQB1*03:01~DRB1*12:01,C100253=F2~M1;C100254=F1~M1;C100255=F2~M2,9.175098636148814e-11
87,A*01:01~B*08:01~C*07:01~DQB1*02:01~DRB1*03:01,A*02:01~B*44:02~C*05:01~DQB1*06:03~DRB1*13:01,A*01:01~B*57:01~C*06:02~DQB1*03:03~DRB1*07:01,A*02:01~B*44:02~C*05:01~DQB1*03:01~DRB1*04:01,C100259=F1~M1;C100260=F2~M2;C100261=F2~M2,1.553796696218255e-07
88,A*02:05~B*50:01~C*06:02~DQB1*03:02~DRB1*04:04,A*02:01~B*40:01~C*03:04~DQB1*06:04~DRB1*13:02,A*01:01~B*08:01~C*07:01~DQB1*02:01~DRB1*03:01,A*30:01~B*18:01~C*07:01~DQB1*03:02~DRB1*04:07,C100262=F1~M1;C100263=F2~M1;C100264=F1~M1,6.711332545392559e-15
89,A*24:02~B*15:01~C*03:03~DQB1*03:02~DRB1*04:01,A*02:01~B*44:02~C*05:01~DQB1*03:02~DRB1*04:01,A*26:01~B*55:01~C*03:03~DQB1*05:03~DRB1*14:01,A*02:01~B*15:01~C*03:03~DQB1*03:01~DRB1*11:01,C100265=F1~M2;C100266=F2~M2;C100267=F2~M1,1.2683887233438393e-12
90,A*01:01~B*51:01~C*15:02~DQB1*06:02~DRB1*15:01,A*30:01~B*07:02~C*07:02~DQB1*06:02~DRB1*15:01,A*03:01~B*07:02~C*07:02~DQB1*06:02~DRB1*15:01,A*02:01~B*18:01~C*07:01~DQB1*03:01~DRB1*11:04,C100268=F1~M2;C100269=F2~M2;C100270=F1~M1,7.293095854630144e-12
91,A*24:03~B*18:01~C*12:03~DQB1*03:01~DRB1*11:04,A*02:01~B*07:02~C*07:02~DQB1*03:01~DRB1*04:01,A*68:02~B*14:02~C*08:02~DQB1*03:01~DRB1*13:03,A*29:02~B*44:03~C*16:01~DQB1*03:01~DRB1*11:01,C100271=F1~M2;C100272=F1~M1;C100273=F1~M2,4.553919879198755e-13
92,A*02:01~B*51:01~C*15:02~DQB1*03:01~DRB1*04:07,A*02:01~B*44:02~C*05:01~DQB1*03:01~DRB1*11:01,A*01:01~B*08:01~C*07:01~DQB1*05:01~DRB1*01:01,A*03:01~B*40:01~C*03:04~DQB1*03:02~DRB1*04:01,C100274=F1~M1;C100275=F1~M1,4.67561896181905e-13
93,A*02:01~B*07:02~C*07:02~DQB1*03:01~DRB1*04:01,A*02:01~B*44:03~C*16:01~DQB1*02:01~DRB1*07:01,A*02:01~B*44:02~C*05:01~DQB1*03:01~DRB1*11:01,A*02:01~B*40:01~C*03:04~DQB1*04:02~DRB1*08:01,C100277=F2~M1;C100278=F1~M1;C100279=F1~M2,2.8456373582576796e-11
94,A*24:02~B*35:01~C*04:01~DQB1*05:01~DRB1*01:01,A*24:02~B*14:02~C*08:02~DQB1*05:01~DRB1*01:02,A*02:01~B*07:02~C*07:02~DQB1*06:02~DRB1*15:01,A*02:01~B*15:01~C*03:03~DQB1*05:03~DRB1*14:01,C100280=F2~M2;C100281=F1~M1;C100282=F2~M1,1.704596840392589e-11
95,A*02:01~B*15:01~C*03:03~DQB1*03:03~DRB1*09:01,A*29:01~B*07:05~C*15:05~DQB1*06:09~DRB1*13:02,A*01:01~B*38:01~C*12:03~DQB1*06:03~DRB1*13:01,A*02:01~B*51:01~C*14:02~DQB1*06:02~DRB1*15:01,C100283=F1~M2;C100284=F2~M1;C100285=F2~M2,6.178279369620433e-16
96,A*11:01~B*15:01~C*03:03~DQB1*05:01~DRB1*01:01,A*26:01~B*38:01~C*12:03~DQB1*03:02~DRB1*04:02,A*01:01~B*15:01~C*03:03~DQB1*06:03~DRB1*13:01,A*01:01~B*51:01~C*15:02~DQB1*06:03~DRB1*13:01,C100286=F1~M2;C100287=F1~M2;C100288=F1~M1,6.102377756624223e-14
97,A*03:01~B*07:02~C*07:02~DQB1*06:02~DRB1*15:01,A*29:02~B*44:03~C*16:01~DQB1*02:01~DRB1*07:01,A*02:01~B*15:01~C*03:04~DQB1*06:02~DRB1*15:01,A*02:01~B*15:01~C*03:03~DQB1*03:02~DRB1*04:01,C100289=F2~M2;C100290=F2~M2;C100291=F1~M2,2.689045527470908e-09
100,A*01:01~B*40:01~C*03:04~DQB1*03:03~DRB1*07:01,A*23:01~B*15:03~C*02:02~DQB1*02:01~DRB1*07:01,A*03:01~B*07:02~C*07:02~DQB1*02:01~DRB1*07:01,A*01:01~B*44:02~C*05:01~DQB1*02:01~DRB1*03:01,C100298=F2~M2;C100300=F1~M2,2.0840361633411694e-16
101,A*01:01~B*51:01~C*16:02~DQB1*03:01~DRB1*11:01,A*01:01~B*07:02~C*07:02~DQB1*05:01~DRB1*01:02,A*01:01~B*08:01~C*07:01~DQB1*02:01~DRB1*03:01,A*02:01~B*07:02~C*07:02~DQB1*02:01~DRB1*07:01,C100301=F2~M1;C100302=F2~M2;C100303=F1~M2,3.0757330327420916e-14
102,A*02:01~B*44:02~C*05:01~DQB1*03:01~DRB1*11:04,A*02:01~B*40:01~C*03:04~DQB1*06:04~DRB1*13:02,A*02:01~B*73:01~C*15:05~DQB1*02:01~DRB1*04:05,A*02:01~B*35:01~C*04:01~DQB1*05:01~DRB1*01:01,C100304=F1~M2;C100305=F2~M1;C100306=F1~M1,1.4753089129079622e-11
104,A*03:01~B*07:02~C*07:02~DQB1*06:02~DRB1*15:01,A*01:01~B*57:01~C*06:02~DQB1*03:03~DRB1*07:01,A*03:01~B*35:01~C*04:01~DQB1*05:01~DRB1*01:01,A*02:01~B*55:01~C*03:03~DQB1*05:01~DRB1*01:01,C100310=F1~M1;C100311=F2~M1;C100312=F2~M1,1.4923511487199145e-09
105,A*33:01~B*14:02~C*08:02~DQB1*02:01~DRB1*03:01,A*02:01~B*57:01~C*06:02~DQB1*03:03~DRB1*07:01,A*03:01~B*35:02~C*04:01~DQB1*03:01~DRB1*11:04,A*03:01~B*07:02~C*07:02~DQB1*03:02~DRB1*04:01,C100313=F1~M2;C100314=F1~M1;C100315=F2~M1,8.934377680462251e-12
106,A*03:01~B*07:02~C*07:02~DQB1*06:04~DRB1*13:02,A*30:02~B*57:01~C*06:02~DQB1*03:03~DRB1*07:01,A*02:01~B*39:01~C*12:03~DQB1*04:02~DRB1*08:01,A*11:01~B*35:01~C*04:01~DQB1*05:01~DRB1*01:03,C100316=F1~M2;C100317=F1~M1;C100318=F2~M2,1.0815071474756144e-14
107,A*24:02~B*07:02~C*07:02~DQB1*06:02~DRB1*15:01,A*02:01~B*15:01~C*03:04~DQB1*03:02~DRB1*04:01,A*02:05~B*50:01~C*06:02~DQB1*02:01~DRB1*07:01,A*01:01~B*58:01~C*07:01~DQB1*03:03~DRB1*07:01,C100319=F1~M1;C100320=F2~M2;C100321=F2~M2,1.2079221643553024e-11
109,A*31:01~B*40:01~C*03:04~DQB1*03:02~DRB1*04:04,A*02:01~B*44:03~C*16:01~DQB1*02:01~DRB1*07:01,A*24:02~B*51:09~C*01:02~DQB1*03:01~DRB1*11:01,A*02:01~B*57:01~C*06:02~DQB1*05:01~DRB1*01:01,C100325=F1~M1;C100326=F1~M1;C100327=F1~M1,2.2525689444409038e-12
110,A*02:01~B*39:01~C*07:02~DQB1*03:03~DRB1*07:01,A*02:01~B*07:02~C*07:02~DQB1*06:02~DRB1*15:01,A*02:01~B*44:02~C*05:01~DQB1*05:03~DRB1*14:01,A*02:01~B*15:01~C*04:01~DQB1*03:02~DRB1*04:04,C100328=F1~M2;C100329=F2~M2;C100330=F1~M2,1.5800801487802476e-12
111,A*26:01~B*38:01~C*12:03~DQB1*03:02~DRB1*04:02,A*02:01~B*40:01~C*03:04~DQB1*03:01~DRB1*11:01,A*02:01~B*51:01~C*15:02~DQB1*06:02~DRB1*15:01,A*24:02~B*39:06~C*07:02~DQB1*05:01~DRB1*01:01,C100331=F2~M2;C100332=F1~M2;C100333=F1~M2,2.4996713402630655e-12
112,A*01:01~B*57:01~C*06:02~DQB1*02:01~DRB1*07:01,A*02:01~B*15:01~C*03:04~DQB1*03:02~DRB1*04:04,A*02:01~B*40:01~C*03:04~DQB1*06:04~DRB1*13:02,A*02:05~B*15:03~C*12:03~DQB1*02:01~DRB1*07:01,C100334=F2~M2;C100335=F1~M2;C100336=F1~M2,7.504035253584449e-13
113,A*01:01~B*40:01~C*03:04~DQB1*03:01~DRB1*11:01,A*02:01~B*44:02~C*05:01~DQB1*03:01~DRB1*04:01,A*03:01~B*07:02~C*07:02~DQB1*06:02~DRB1*15:01,A*02:01~B*44:02~C*05:01~DQB1*03:02~DRB1*04:03,C100337=F2~M1;C100338=F1~M2;C100339=F1~M1,1.2997377593186003e-11
114,A*02:01~B*51:01~C*14:02~DQB1*03:03~DRB1*07:01,A*31:01~B*52:01~C*12:02~DQB1*06:01~DRB1*15:02,A*02:01~B*35:03~C*04:01~DQB1*03:01~DRB1*11:01,A*26:01~B*35:01~C*04:01~DQB1*03:01~DRB1*11:04,C100340=F2~M1;C100342=F2~M2,4.884018717377004e-16
115,A*02:05~B*50:01~C*06:02~DQB1*06:09~DRB1*13:02,A*02:01~B*40:01~C*03:04~DQB1*02:01~DRB1*07:01,A*32:01~B*40:01~C*03:04~DQB1*03:02~DRB1*04:04,A*02:01~B*07:02~C*07:02~DQB1*06:02~DRB1*15:01,C100343=F1~M2;C100344=F2~M2;C100345=F2~M2,8.166586312889263e-13
116,A*02:01~B*07:02~C*07:02~DQB1*03:01~DRB1*11:01,A*01:01~B*51:01~C*15:02~DQB1*03:01~DRB1*11:03,A*03:01~B*07:02~C*07:02~DQB1*06:03~DRB1*13:01,A*02:01~B*15:01~C*03:04~DQB1*03:02~DRB1*04:01,C100346=F2~M1;C100347=F1~M2;C100348=F2~M1,3.6531883632400765e-13
118,A*03:01~B*35:01~C*04:01~DQB1*02:01~DRB1*03:01,A*26:01~B*39:01~C*12:03~DQB1*05:02~DRB1*16:01,A*03:01~B*39:01~C*12:03~DQB1*06:02~DRB1*15:01,A*24:02~B*40:01~C*03:04~DQB1*02:01~DRB1*03:01,C100352=F1~M2;C100353=F1~M2;C100354=F1~M1,5.455296117719452e-15
119,A*24:02~B*40:01~C*03:04~DQB1*02:01~DRB1*07:01,A*30:02~B*18:01~C*05:01~DQB1*02:01~DRB1*03:01,A*01:01~B*35:02~C*04:01~DQB1*06:03~DRB1*11:04,A*32:01~B*14:01~C*08:02~DQB1*02:01~DRB1*07:01,C100355=F1~M2;C100356=F1~M1;C100357=F1~M1,2.320870009022676e-12
120,A*33:01~B*14:02~C*08:02~DQB1*02:01~DRB1*03:01,A*03:01~B*07:02~C*07:02~DQB1*06:02~DRB1*15:01,A*11:01~B*07:02~C*07:02~DQB1*04:02~DRB1*08:01,A*02:01~B*18:01~C*07:01~DQB1*03:01~DRB1*11:04,C100358=F1~M1;C100359=F1~M1;C100360=F1~M2,2.520011192752446e-11
121,A*32:01~B*07:02~C*07:02~DQB1*03:01~DRB1*11:01,A*24:02~B*18:01~C*05:01~DQB1*02:01~DRB1*03:01,A*02:01~B*15:01~C*03:03~DQB1*06:03~DRB1*13:01,A*03:01~B*35:01~C*04:01~DQB1*02:01~DRB1*03:01,C100361=F1~M1;C100362=F2~M1;C100363=F2~M1,4.168762071800705e-13
122,A*11:01~B*57:01~C*06:02~DQB1*03:03~DRB1*07:01,A*29:01~B*35:01~C*04:01~DQB1*05:03~DRB1*14:01,A*02:01~B*44:03~C*04:01~DQB1*02:01~DRB1*07:01,A*02:01~B*07:02~C*07:02~DQB1*02:01~DRB1*07:01,C100364=F2~M1;C100365=F2~M2;C100366=F1~M2,2.168353273593577e-14
123,A*11:01~B*52:01~C*12:02~DQB1*04:02~DRB1*08:01,A*24:02~B*35:03~C*12:03~DQB1*05:03~DRB1*14:01,A*11:01~B*35:01~C*02:02~DQB1*03:01~DRB1*11:01,A*68:01~B*44:02~C*07:04~DQB1*05:01~DRB1*01:01,C100367=F2~M2;C100368=F2~M2;C100369=F1~M1,1.0398934851216268e-15
124,A*03:01~B*35:02~C*04:01~DQB1*03:01~DRB1*11:04,A*03:01~B*15:01~C*03:03~DQB1*06:03~DRB1*13:01,A*02:01~B*44:02~C*05:01~DQB1*03:01~DRB1*04:01,A*01:01~B*08:01~C*07:01~DQB1*02:01~DRB1*03:01,C100370=F2~M2;C100371=F1~M1;C100372=F2~M1,1.4707653948049524e-09
125,A*02:01~B*15:01~C*03:03~DQB1*03:01~DRB1*11:01,A*02:01~B*07:02~C*07:02~DQB1*06:02~DRB1*15:01,A*26:01~B*38:01~C*12:03~DQB1*05:02~DRB1*16:01,A*68:01~B*44:02~C*07:04~DQB1*03:01~DRB1*11:01,C100373=F2~M2;C100374=F1~M1;C100375=F1~M2,3.62966071316831e-11
126,A*03:01~B*07:02~C*07:02~DQB1*06:02~DRB1*15:01,A*01:01~B*37:01~C*06:02~DQB1*06:02~DRB1*15:01,A*02:01~B*27:05~C*02:02~DQB1*03:01~DRB1*11:01,A*11:01~B*27:02~C*02:02~DQB1*05:02~DRB1*16:01,C100376=F2~M2;C100377=F1~M1;C100378=F1~M1,1.0997954325922896e-11
127,A*03:01~B*44:02~C*05:01~DQB1*03:02~DRB1*04:01,A*02:02~B*41:01~C*17:01~DQB1*02:01~DRB1*04:05,A*02:01~B*40:01~C*03:04~DQB1*06:02~DRB1*15:01,A*02:01~B*44:03~C*16:01~DQB1*02:01~DRB1*07:01,C100379=F2~M2;C100380=F2~M2;C100381=F1~M1,6.989764121475521e-13
128,A*02:01~B*14:01~C*08:02~DQB1*02:01~DRB1*07:01,A*25:01~B*44:02~C*07:04~DQB1*03:01~DRB1*11:01,A*03:01~B*14:02~C*08:02~DQB1*06:09~DRB1*13:02,A*01:01~B*08:01~C*07:01~DQB1*02:01~DRB1*03:01,C100382=F1~M2;C100383=F2~M2;C100384=F2~M1,1.3650116751743394e-10
129,A*02:01~B*27:02~C*02:02~DQB1*03:01~DRB1*11:04,A*32:01~B*18:01~C*07:01~DQB1*03:01~DRB1*11:04,A*02:01~B*40:01~C*03:04~DQB1*02:01~DRB1*03:01,A*11:01~B*57:03~C*06:02~DQB1*03:01~DRB1*11:04,C100385=F2~M1;C100386=F2~M1;C100387=F2~M1,2.436655066724535e-16
130,A*02:01~B*44:02~C*05:01~DQB1*03:01~DRB1*04:01,A*32:01~B*07:02~C*07:02~DQB1*06:02~DRB1*15:01,A*02:01~B*51:01~C*14:02~DQB1*04:02~DRB1*08:01,A*01:01~B*07:02~C*07:02~DQB1*06:02~DRB1*15:01,C100388=F1~M2;C100389=F1~M2;C100390=F1~M2,3.347810393098743e-10
131,A*23:01~B*37:01~C*06:02~DQB1*06:02~DRB1*15:01,A*02:01~B*44:03~C*16:01~DQB1*02:01~DRB1*07:01,A*24:02~B*38:01~C*12:03~DQB1*03:05~DRB1*04:03,A*02:05~B*50:01~C*06:02~DQB1*06:03~DRB1*13:01,C100391=F2~M2;C100392=F2~M2;C100393=F2~M2,1.868845896485955e-17
133,A*26:01~B*08:01~C*07:01~DQB1*02:01~DRB1*03:01,A*02:01~B*44:02~C*05:01~DQB1*05:01~DRB1*01:01,A*23:01~B*07:02~C*07:02~DQB1*06:02~DRB1*15:01,A*01:01~B*38:01~C*12:03~DQB1*03:01~DRB1*13:05,C100397=F1~M1;C100398=F2~M2,1.2965982399699546e-14
135,A*11:01~B*52:01~C*12:02~DQB1*05:02~DRB1*15:06,A*26:01~B*15:01~C*03:03~DQB1*06:02~DRB1*15:01,A*68:01~B*44:02~C*07:04~DQB1*03:01~DRB1*11:01,A*02:01~B*07:02~C*07:02~DQB1*06:02~DRB1*15:01,C100403=F1~M1;C100404=F2~M2;C100405=F2~M2,1.3234863935408595e-14
136,A*02:01~B*40:01~C*03:04~DQB1*06:04~DRB1*13:02,A*02:01~B*44:02~C*05:01~DQB1*03:01~DRB1*12:01,A*02:01~B*27:05~C*02:02~DQB1*05:01~DRB1*01:01,A*02:01~B*44:02~C*05:01~DQB1*03:01~DRB1*04:01,C100406=F1~M1;C100407=F2~M1;C100408=F1~M2,1.6639343101346948e-09
137,A*01:01~B*08:01~C*07:01~DQB1*02:01~DRB1*03:01,A*02:01~B*44:02~C*05:01~DQB1*03:02~DRB1*04:04,A*24:02~B*18:01~C*07:01~DQB1*03:01~DRB1*11:04,A*01:01~B*07:02~C*07:02~DQB1*06:02~DRB1*15:01,C100409=F2~M1;C100410=F2~M1;C100411=F2~M2,1.2138566701118154e-09
138,A*11:01~B*35:01~C*04:01~DQB1*03:01~DRB1*04:07,A*01:01~B*37:01~C*06:02~DQB1*05:03~DRB1*14:01,A*03:01~B*07:02~C*07:02~DQB1*03:01~DRB1*04:01,A*31:01~B*51:01~C*04:01~DQB1*05:01~DRB1*01:01,C100412=F2~M1;C100413=F2~M2;C100414=F2~M2,1.296691248434441e-13
139,A*11:01~B*44:02~C*05:01~DQB1*03:01~DRB1*04:01,A*02:01~B*15:01~C*03:03~DQB1*06:03~DRB1*13:01,A*03:01~B*07:02~C*07:02~DQB1*06:02~DRB1*15:01,A*26:01~B*38:01~C*12:03~DQB1*03:02~DRB1*04:02,C100415=F1~M2;C100416=F1~M1;C100417=F1~M1,1.2372618107318411e-09
140,A*30:01~B*07:02~C*07:02~DQB1*06:02~DRB1*15:01,A*01:01~B*08:01~C*07:01~DQB1*06:03~DRB1*13:01,A*24:02~B*15:01~C*03:03~DQB1*03:01~DRB1*12:01,A*03:01~B*35:03~C*04:01~DQB1*05:01~DRB1*01:01,C100418=F1~M2;C100419=F2~M2;C100420=F1~M2,2.4122096072385218e-14
141,A*32:01~B*50:01~C*06:02~DQB1*02:01~DRB1*07:01,A*26:01~B*35:01~C*04:01~DQB1*03:02~DRB1*04:02,A*02:01~B*44:02~C*07:04~DQB1*05:02~DRB1*16:01,A*02:05~B*50:01~C*06:02~DQB1*03:01~DRB1*11:01,C100421=F2~M2;C100422=F1~M2;C100423=F1~M1,4.41414412119251e-14
142,A*03:01~B*35:01~C*04:01~DQB1*05:03~DRB1*14:01,A*03:01~B*35:01~C*04:01~DQB1*06:09~DRB1*13:02,A*02:01~B*44:02~C*05:01~DQB1*05:03~DRB1*14:01,A*02:01~B*07:02~C*07:02~DQB1*06:02~DRB1*15:01,C100424=F2~M2;C100425=F2~M1;C100426=F2~M2,9.71045625445792e-13
143,A*01:01~B*58:01~C*03:02~DQB1*02:01~DRB1*07:01,A*01:01~B*57:01~C*06:02~DQB1*03:03~DRB1*07:01,A*01:01~B*41:02~C*17:01~DQB1*03:01~DRB1*11:01,A*01:01~B*37:01~C*06:02~DQB1*06:02~DRB1*15:01,C100427=F2~M1;C100428=F1~M1;C100429=F2~M1,2.8185345752145592e-14
144,A*69:01~B*55:01~C*01:02~DQB1*03:01~DRB1*11:01,A*01:01~B*08:01~C*07:01~DQB1*02:01~DRB1*03:01,A*03:01~B*07:02~C*07:02~DQB1*06:02~DRB1*15:01,A*32:01~B*14:01~C*08:02~DQB1*02:01~DRB1*07:01,C100430=F2~M2;C100431=F1~M2;C100432=F2~M1,7.0825648486518154e-09
145,A*02:01~B*51:01~C*16:02~DQB1*03:01~DRB1*11:04,A*29:02~B*44:03~C*16:01~DQB1*02:01~DRB1*07:01,A*02:01~B*44:02~C*05:01~DQB1*03:01~DRB1*04:01,A*01:01~B*08:01~C*07:01~DQB1*05:01~DRB1*01:01,C100433=F1~M2;C100434=F2~M2;C100435=F2~M1,1.8168827216546438e-10
146,A*26:01~B*45:01~C*06:02~DQB1*02:01~DRB1*07:01,A*03:01~B*27:05~C*02:02~DQB1*03:02~DRB1*04:04,A*02:01~B*51:01~C*14:02~DQB1*04:02~DRB1*08:01,A*68:01~B*07:02~C*07:02~DQB1*04:02~DRB1*08:01,C100436=F1~M2;C100437=F2~M2;C100438=F2~M2,4.544089282127068e-15
149,A*24:02~B*35:02~C*04:01~DQB1*03:01~DRB1*11:04,A*03:01~B*07:02~C*07:02~DQB1*06:02~DRB1*15:01,A*24:02~B*27:05~C*02:02~DQB1*06:03~DRB1*13:01,A*01:01~B*08:01~C*07:01~DQB1*02:01~DRB1*03:01,C100445=F2~M2;C100446=F1~M1;C100447=F1~M2,5.592491896984905e-09
150,A*02:01~B*15:01~C*03:03~DQB1*06:03~DRB1*13:01,A*25:01~B*18:01~C*12:03~DQB1*06:02~DRB1*15:01,A*03:01~B*07:02~C*07:02~DQB1*06:02~DRB1*15:01,A*30:01~B*13:02~C*06:02~DQB1*02:01~DRB1*07:01,C100448=F1~M1;C100449=F1~M2;C100450=F1~M2,1.6898629045055514e-08
151,A*69:01~B*58:01~C*03:02~DQB1*03:01~DRB1*11:01,A*02:01~B*07:02~C*07:02~DQB1*04:02~DRB1*08:01,A*03:01~B*07:02~C*07:02~DQB1*06:02~DRB1*15:01,A*02:01~B*44:02~C*07:04~DQB1*02:01~DRB1*07:01,C100451=F1~M1;C100452=F1~M1;C100453=F2~M2,1.2056993977183156e-13
152,A*02:01~B*14:02~C*08:02~DQB1*06:04~DRB1*13:02,A*31:01~B*44:02~C*05:01~DQB1*03:01~DRB1*04:01,A*02:01~B*44:02~C*05:01~DQB1*03:01~DRB1*04:01,A*02:01~B*57:01~C*06:02~DQB1*02:01~DRB1*07:01,C100454=F1~M1;C100455=F2~M1;C100456=F1~M1,1.9696461613039692e-13
153,A*11:01~B*44:03~C*04:01~DQB1*06:02~DRB1*15:01,A*11:01~B*35:01~C*04:01~DQB1*05:01~DRB1*01:01,A*03:01~B*35:01~C*04:01~DQB1*05:01~DRB1*01:01,A*02:01~B*51:01~C*01:02~DQB1*05:01~DRB1*01:01,C100457=F2~M2;C100458=F2~M2;C100459=F1~M2,1.4721755624459994e-12
155,A*01:01~B*49:01~C*07:01~DQB1*03:02~DRB1*04:05,A*25:01~B*39:01~C*12:03~DQB1*03:01~DRB1*11:01,A*01:01~B*08:01~C*07:01~DQB1*02:01~DRB1*03:01,A*02:01~B*40:01~C*03:04~DQB1*05:01~DRB1*01:01,C100463=F2~M1;C100464=F2~M2;C100465=F2~M1,8.918047422060308e-12
156,A*02:01~B*15:01~C*04:01~DQB1*06:03~DRB1*13:01,A*24:02~B*35:02~C*04:01~DQB1*03:01~DRB1*11:04,A*03:01~B*07:02~C*07:10~DQB1*06:02~DRB1*15:01,A*01:01~B*08:01~C*07:01~DQB1*05:01~DRB1*01:01,C100466=F2~M2;C100467=F2~M2;C100468=F2~M2,1.0226833798107959e-13
158,A*03:02~B*35:03~C*04:01~DQB1*03:01~DRB1*11:01,A*03:01~B*35:01~C*04:01~DQB1*03:01~DRB1*04:08,A*01:01~B*08:01~C*07:01~DQB1*02:01~DRB1*03:01,A*31:01~B*51:01~C*15:02~DQB1*06:02~DRB1*15:01,C100472=F2~M2;C100473=F2~M2;C100474=F2~M1,4.667672783578201e-14
159,A*68:01~B*44:02~C*07:04~DQB1*06:04~DRB1*13:02,A*03:01~B*07:02~C*07:02~DQB1*03:01~DRB1*04:07,A*02:01~B*44:02~C*05:01~DQB1*06:02~DRB1*15:01,A*11:01~B*44:05~C*02:02~DQB1*03:01~DRB1*11:01,C100475=F2~M1;C100476=F2~M1;C100477=F1~M1,3.1914134810901603e-14
160,A*68:01~B*44:02~C*07:04~DQB1*03:01~DRB1*11:01,A*33:03~B*07:02~C*07:02~DQB1*06:02~DRB1*15:01,A*02:01~B*44:02~C*05:01~DQB1*03:01~DRB1*04:01,A*03:01~B*08:01~C*07:01~DQB1*06:02~DRB1*15:01,C100478=F2~M2;C100479=F2~M2;C100480=F1~M2,7.897326050904605e-13
161,A*02:01~B*44:02~C*05:01~DQB1*03:02~DRB1*04:01,A*26:01~B*08:01~C*07:01~DQB1*06:02~DRB1*15:01,A*02:01~B*15:01~C*03:04~DQB1*03:02~DRB1*04:01,A*24:02~B*07:02~C*07:02~DQB1*03:01~DRB1*11:01,C100481=F2~M2;C100482=F2~M1;C100483=F1~M1,9.9768976226613e-13
162,A*11:01~B*35:01~C*04:01~DQB1*03:02~DRB1*04:01,A*01:01~B*08:01~C*07:01~DQB1*02:01~DRB1*03:01,A*34:02~B*14:01~C*08:02~DQB1*06:03~DRB1*13:01,A*11:01~B*15:01~C*03:03~DQB1*06:03~DRB1*13:01,C100484=F2~M1;C100485=F2~M1;C100486=F1~M2,3.6032480538430316e-14
163,A*01:01~B*57:01~C*06:02~DQB1*06:02~DRB1*15:01,A*01:01~B*51:01~C*02:02~DQB1*03:01~DRB1*11:01,A*03:01~B*07:02~C*07:02~DQB1*06:03~DRB1*13:01,A*02:01~B*08:01~C*07:01~DQB1*03:02~DRB1*04:01,C100487=F2~M2;C100488=F2~M1;C100489=F1~M2,3.397942453883908e-14
164,A*11:01~B*35:01~C*04:01~DQB1*06:02~DRB1*15:01,A*02:05~B*49:01~C*07:01~DQB1*03:02~DRB1*04:05,A*03:01~B*07:02~C*07:02~DQB1*03:02~DRB1*04:01,A*01:01~B*35:01~C*04:01~DQB1*05:01~DRB1*01:01,C100490=F2~M1;C100491=F1~M1;C100492=F2~M2,1.5089149488860308e-12
165,A*02:01~B*44:02~C*05:01~DQB1*03:01~DRB1*12:01,A*01:01~B*57:01~C*06:02~DQB1*02:01~DRB1*03:01,A*68:02~B*14:02~C*08:02~DQB1*03:01~DRB1*13:03,A*01:01~B*08:01~C*07:01~DQB1*03:02~DRB1*04:04,C100493=F2~M1;C100494=F1~M1;C100495=F2~M1,1.1729476735531158e-11
169,A*01:01~B*08:01~C*07:01~DQB1*02:01~DRB1*03:01,A*11:01~B*07:02~C*07:02~DQB1*06:02~DRB1*15:01,A*68:01~B*15:01~C*03:04~DQB1*02:01~DRB1*03:01,A*03:01~B*07:02~C*07:02~DQB1*02:01~DRB1*07:01,C100505=F2~M1;C100506=F1~M2;C100507=F2~M2,1.4376747769323945e-11
170,A*02:01~B*15:01~C*03:03~DQB1*06:03~DRB1*13:01,A*01:01~B*08:01~C*07:01~DQB1*02:01~DRB1*03:01,A*23:01~B*27:05~C*02:02~DQB1*03:02~DRB1*04:01,A*03:01~B*44:05~C*02:02~DQB1*05:01~DRB1*01:01,C100508=F1~M2;C100509=F2~M2;C100510=F2~M2,7.666015340499496e-13
171,A*24:02~B*51:08~C*16:02~DQB1*03:02~DRB1*04:02,A*02:01~B*44:02~C*05:01~DQB1*03:02~DRB1*04:01,A*02:01~B*44:02~C*05:01~DQB1*05:01~DRB1*01:01,A*03:01~B*27:05~C*01:02~DQB1*06:02~DRB1*15:01,C100511=F2~M1;C100512=F2~M1;C100513=F1~M2,6.659808379511901e-15
173,A*01:01~B*08:01~C*07:01~DQB1*02:01~DRB1*03:01,A*01:01~B*37:01~C*06:02~DQB1*05:01~DRB1*10:01,A*31:01~B*38:01~C*12:03~DQB1*03:01~DRB1*11:01,A*31:01~B*57:01~C*06:02~DQB1*03:03~DRB1*07:01,C100517=F1~M1;C100518=F2~M1;C100519=F2~M2,3.060097452906704e-12
175,A*02:01~B*15:01~C*03:03~DQB1*03:02~DRB1*04:01,A*01:01~B*08:01~C*07:01~DQB1*02:01~DRB1*03:01,A*02:01~B*08:01~C*07:01~DQB1*02:01~DRB1*03:01,A*02:01~B*08:01~C*07:01~DQB1*02:01~DRB1*03:01,C100523=F1~M1;C100524=F1~M1;C100525=F2~M1,1.589150851752606e-08
176,A*66:01~B*41:02~C*17:01~DQB1*03:01~DRB1*13:03,A*02:01~B*15:01~C*03:03~DQB1*02:01~DRB1*03:01,A*68:02~B*14:02~C*08:02~DQB1*03:01~DRB1*13:03,A*02:01~B*15:18~C*07:04~DQB1*06:03~DRB1*13:01,C100526=F1~M1;C100527=F1~M2;C100528=F2~M1,7.622758029373425e-13
178,A*03:01~B*07:02~C*07:02~DQB1*03:01~DRB1*11:01,A*03:01~B*15:01~C*03:03~DQB1*06:02~DRB1*15:01,A*02:01~B*07:02~C*07:02~DQB1*02:01~DRB1*07:01,A*01:01~B*37:01~C*06:02~DQB1*05:01~DRB1*10:01,C100532=F2~M1;C100533=F2~M2;C100534=F2~M1,1.4690849566243548e-12
179,A*01:01~B*08:01~C*07:01~DQB1*02:01~DRB1*07:01,A*11:01~B*07:02~C*07:02~DQB1*06:02~DRB1*15:01,A*11:01~B*51:01~C*14:02~DQB1*04:02~DRB1*08:01,A*03:01~B*35:01~C*04:01~DQB1*05:01~DRB1*01:01,C100535=F2~M2;C100536=F1~M1;C100537=F2~M1,3.028988585067842e-12
180,A*03:01~B*40:01~C*03:04~DQB1*03:02~DRB1*04:03,A*25:01~B*18:01~C*12:03~DQB1*05:01~DRB1*01:01,A*11:01~B*44:02~C*05:01~DQB1*03:01~DRB1*11:01,A*01:01~B*07:02~C*07:02~DQB1*06:02~DRB1*15:01,C100538=F2~M2;C100539=F2~M1;C100540=F1~M1,1.7884953439595172e-14
181,A*02:01~B*40:01~C*03:04~DQB1*06:04~DRB1*13:02,A*11:01~B*35:01~C*04:01~DQB1*05:01~DRB1*01:01,A*01:01~B*08:01~C*07:01~DQB1*02:01~DRB1*03:01,A*24:02~B*27:05~C*01:02~DQB1*03:02~DRB1*04:01,C100541=F1~M2;C100542=F2~M1;C100543=F2~M2,2.643020344446304e-10
184,A*29:02~B*44:03~C*16:01~DQB1*03:03~DRB1*07:01,A*03:01~B*15:09~C*07:04~DQB1*06:04~DRB1*13:02,A*31:01~B*52:01~C*12:02~DQB1*06:09~DRB1*13:02,A*30:01~B*42:01~C*17:01~DQB1*04:02~DRB1*03:02,C100550=F1~M2;C100551=F1~M1;C100552=F1~M1,3.0462872037954883e-18
186,A*03:01~B*35:01~C*04:01~DQB1*06:01~DRB1*15:02,A*01:01~B*15:01~C*03:03~DQB1*05:02~DRB1*16:01,A*26:01~B*38:01~C*12:03~DQB1*06:03~DRB1*13:01,A*66:01~B*41:02~C*17:01~DQB1*03:01~DRB1*13:05,C100556=F2~M1;C100558=F2~M2,1.3113273291659905e-17
188,A*01:01~B*08:01~C*07:01~DQB1*02:01~DRB1*03:01,A*03:01~B*07:02~C*07:02~DQB1*03:02~DRB1*04:04,A*02:01~B*07:02~C*07:02~DQB1*06:02~DRB1*15:01,A*01:01~B*37:01~C*06:02~DQB1*05:01~DRB1*10:01,C100562=F2~M1;C100563=F2~M2;C100564=F2~M1,7.756736209170452e-09
189,A*68:01~B*44:02~C*07:04~DQB1*03:01~DRB1*11:01,A*11:01~B*55:01~C*03:03~DQB1*03:01~DRB1*11:01,A*01:01~B*37:01~C*06:02~DQB1*05:01~DRB1*10:01,A*03:01~B*07:02~C*07:02~DQB1*03:03~DRB1*09:01,C100565=F1~M1;C100566=F1~M2;C100567=F1~M2,5.88397233944657e-13
190,A*02:01~B*15:01~C*03:03~DQB1*06:03~DRB1*13:01,A*02:01~B*40:01~C*03:04~DQB1*02:01~DRB1*03:01,A*02:01~B*27:05~C*02:02~DQB1*03:02~DRB1*04:04,A*03:01~B*07:02~C*07:02~DQB1*06:02~DRB1*15:01,C100568=F1~M1;C100569=F1~M2,2.1553897253290722e-10
191,A*32:01~B*35:02~C*04:01~DQB1*03:01~DRB1*11:04,A*23:01~B*44:03~C*04:01~DQB1*06:04~DRB1*13:02,A*66:01~B*41:02~C*17:01~DQB1*03:01~DRB1*11:01,A*24:02~B*07:02~C*07:02~DQB1*06:02~DRB1*15:01,C100571=F2~M2;C100572=F2~M2;C100573=F2~M1,1.4809631335169734e-13
192,A*32:01~B*13:02~C*06:02~DQB1*02:01~DRB1*07:01,A*02:01~B*39:01~C*12:03~DQB1*05:02~DRB1*16:01,A*02:01~B*07:02~C*07:02~DQB1*05:02~DRB1*15:01,A*02:01~B*44:02~C*05:01~DQB1*03:01~DRB1*11:01,C100574=F2~M1;C100575=F1~M2;C100576=F1~M1,9.632582649123925e-14
194,A*02:01~B*13:02~C*06:02~DQB1*02:01~DRB1*07:01,A*02:01~B*38:01~C*12:03~DQB1*06:03~DRB1*13:01,A*68:01~B*56:01~C*01:02~DQB1*05:01~DRB1*01:01,A*24:02~B*15:01~C*03:03~DQB1*06:04~DRB1*13:02,C100580=F2~M1;C100581=F1~M2;C100582=F1~M2,3.602953021076595e-13
197,A*30:01~B*13:02~C*06:02~DQB1*02:01~DRB1*07:01,A*26:01~B*45:01~C*06:02~DQB1*02:01~DRB1*07:01,A*33:01~B*14:02~C*08:02~DQB1*02:01~DRB1*03:01,A*02:01~B*08:01~C*07:01~DQB1*03:01~DRB1*04:01,C100589=F2~M1;C100590=F2~M1;C100591=F2~M2,1.3356159843241962e-12
198,A*02:01~B*44:02~C*05:01~DQB1*05:01~DRB1*01:01,A*24:02~B*18:01~C*07:04~DQB1*03:01~DRB1*11:04,A*03:01~B*18:01~C*07:01~DQB1*03:01~DRB1*11:01,A*33:01~B*14:02~C*08:02~DQB1*05:01~DRB1*01:02,C100592=F2~M1;C100593=F1~M1;C100594=F2~M1,7.386005831459906e-15
199,A*23:01~B*27:05~C*02:02~DQB1*06:03~DRB1*13:01,A*02:01~B*15:01~C*03:04~DQB1*03:02~DRB1*04:01,A*03:01~B*07:02~C*07:02~DQB1*06:02~DRB1*15:01,A*23:01~B*44:03~C*04:01~DQB1*02:01~DRB1*07:01,C100595=F2~M1;C100596=F2~M2;C100597=F1~M2,2.423341189396668e-11
201,A*26:01~B*50:01~C*07:02~DQB1*03:01~DRB1*08:03,A*26:01~B*51:01~C*07:02~DQB1*03:01~DRB1*08:03,A*02:01~B*50:02~C*05:01~DQB1*03:03~DRB1*07:01,A*01:01~B*44:02~C*07:04~DQB1*03:01~DRB1*11:01,C100601=F2~M1;C100602=F2~M2;C100603=F1~M1,2.162845908419767e-33
202,A*01:01~B*08:01~C*07:01~DQB1*02:01~DRB1*03:01,A*01:01~B*51:01~C*04:01~DQB1*03:01~DRB1*11:03,A*02:01~B*51:01~C*01:02~DQB1*03:02~DRB1*04:02,A*23:01~B*44:03~C*04:01~DQB1*03:02~DRB1*04:01,C100604=F2~M2;C100605=F1~M1;C100606=F2~M1,2.2441352803432447e-14
203,A*31:01~B*40:01~C*03:04~DQB1*03:02~DRB1*04:04,A*03:01~B*44:02~C*05:01~DQB1*06:03~DRB1*13:01,A*01:01~B*35:02~C*04:01~DQB1*03:01~DRB1*11:04,A*29:02~B*44:03~C*16:01~DQB1*02:01~DRB1*07:01,C100607=F2~M1;C100608=F1~M2;C100609=F1~M1,9.061719451503796e-11
204,A*30:01~B*13:02~C*06:02~DQB1*02:01~DRB1*07:01,A*24:02~B*35:01~C*04:01~DQB1*05:01~DRB1*01:01,A*01:01~B*57:01~C*07:01~DQB1*06:04~DRB1*13:02,A*03:01~B*07:02~C*07:02~DQB1*04:02~DRB1*08:01,C100610=F1~M1;C100611=F2~M2;C100612=F1~M1,8.867882130908374e-13
205,A*02:01~B*35:01~C*03:03~DQB1*06:03~DRB1*13:01,A*29:02~B*44:03~C*16:01~DQB1*02:01~DRB1*07:01,A*24:02~B*13:02~C*06:02~DQB1*03:03~DRB1*07:01,A*02:01~B*40:01~C*03:04~DQB1*06:02~DRB1*15:01,C100613=F2~M2;C100614=F1~M1;C100615=F1~M1,3.0925600141126046e-14
206,A*02:01~B*44:02~C*05:01~DQB1*06:02~DRB1*15:01,A*02:01~B*15:01~C*01:02~DQB1*03:01~DRB1*11:04,A*02:01~B*44:02~C*05:01~DQB1*03:01~DRB1*04:01,A*02:01~B*40:01~C*03:04~DQB1*06:04~DRB1*13:02,C100616=F2~M1;C100617=F1~M2;C100618=F1~M2,2.1120230340747942e-11
207,A*11:01~B*55:01~C*03:03~DQB1*06:02~DRB1*15:01,A*24:02~B*56:01~C*01:02~DQB1*05:01~DRB1*01:02,A*02:01~B*08:01~C*07:01~DQB1*05:01~DRB1*01:01,A*02:01~B*50:01~C*06:02~DQB1*02:01~DRB1*07:01,C100619=F2~M1;C100620=F2~M1;C100621=F1~M2,1.8053045487627675e-15
209,A*03:01~B*07:02~C*07:02~DQB1*06:04~DRB1*13:02,A*32:01~B*44:02~C*05:01~DQB1*02:01~DRB1*07:01,A*02:01~B*45:01~C*16:01~DQB1*03:01~DRB1*11:01,A*24:02~B*40:01~C*03:04~DQB1*03:01~DRB1*11:01,C100625=F1~M2;C100626=F1~M2;C100627=F1~M1,1.2386860620855588e-14
210,A*01:01~B*15:01~C*03:03~DQB1*06:03~DRB1*13:01,A*32:01~B*44:02~C*05:01~DQB1*05:02~DRB1*16:01,A*31:01~B*27:05~C*02:02~DQB1*02:01~DRB1*03:01,A*11:01~B*27:05~C*02:02~DQB1*05:01~DRB1*01:01,C100628=F1~M2;C100629=F2~M2;C100630=F2~M1,4.740054297615186e-16
211,A*01:01~B*27:05~C*02:02~DQB1*02:01~DRB1*03:01,A*01:01~B*07:02~C*07:02~DQB1*06:02~DRB1*15:01,A*03:01~B*07:02~C*07:02~DQB1*06:02~DRB1*15:01,A*26:01~B*08:01~C*07:01~DQB1*02:01~DRB1*03:01,C100631=F1~M1;C100632=F1~M2;C100633=F2~M1,1.8990845437829587e-11
212,A*02:01~B*51:01~C*07:01~DQB1*06:03~DRB1*13:01,A*02:01~B*51:01~C*16:02~DQB1*03:01~DRB1*11:02,A*02:01~B*15:01~C*03:04~DQB1*03:02~DRB1*04:01,A*02:01~B*15:01~C*04:01~DQB1*06:03~DRB1*13:01,C100634=F1~M2;C100635=F2~M1;C100636=F2~M1,6.811199285529224e-14
213,A*02:01~B*27:05~C*02:02~DQB1*04:02~DRB1*08:01,A*68:01~B*40:01~C*03:04~DQB1*03:01~DRB1*04:01,A*32:01~B*44:03~C*04:01~DQB1*05:01~DRB1*01:02,A*02:05~B*41:01~C*07:01~DQB1*03:01~DRB1*13:05,C100637=F2~M1;C100638=F2~M2;C100639=F2~M2,9.785198848830677e-14
215,A*32:01~B*40:01~C*03:04~DQB1*05:01~DRB1*01:01,A*02:01~B*07:02~C*07:02~DQB1*06:02~DRB1*15:01,A*02:01~B*40:01~C*03:04~DQB1*06:04~DRB1*13:02,A*03:01~B*44:03~C*04:01~DQB1*02:01~DRB1*07:01,C100643=F2~M1;C100644=F1~M2;C100645=F2~M2,2.427734143186559e-11
216,A*02:01~B*15:01~C*03:04~DQB1*06:02~DRB1*15:01,A*02:01~B*15:11~C*03:03~DQB1*03:01~DRB1*11:01,A*25:01~B*51:01~C*15:02~DQB1*05:03~DRB1*14:01,A*03:01~B*07:02~C*07:02~DQB1*06:02~DRB1*15:01,C100646=F1~M1;C100647=F2~M2;C100648=F1~M1,7.583493222210734e-17
217,A*02:01~B*44:02~C*05:01~DQB1*06:03~DRB1*13:01,A*11:01~B*15:01~C*04:01~DQB1*05:01~DRB1*01:01,A*01:01~B*44:02~C*07:04~DQB1*03:01~DRB1*11:01,A*02:01~B*44:02~C*05:01~DQB1*06:02~DRB1*15:01,C100649=F2~M1;C100650=F2~M2;C100651=F2~M1,2.1024487812001875e-12
219,A*01:01~B*15:01~C*03:04~DQB1*06:03~DRB1*13:01,A*01:01~B*44:03~C*04:01~DQB1*02:01~DRB1*07:01,A*02:01~B*27:05~C*01:02~DQB1*03:01~DRB1*01:03,A*03:01~B*07:02~C*07:02~DQB1*06:02~DRB1*15:01,C100655=F2~M1;C100656=F2~M1;C100657=F2~M1,1.3843646772007983e-12
220,A*03:01~B*18:01~C*07:01~DQB1*04:02~DRB1*08:01,A*32:01~B*14:01~C*08:02~DQB1*02:01~DRB1*07:01,A*01:01~B*44:03~C*16:01~DQB1*02:01~DRB1*07:01,A*24:02~B*35:02~C*04:01~DQB1*03:01~DRB1*11:04,C100658=F1~M1;C100660=F2~M1,2.397955190958752e-12
222,A*02:01~B*44:02~C*05:01~DQB1*03:01~DRB1*04:01,A*11:01~B*55:01~C*03:03~DQB1*03:01~DRB1*12:01,A*03:01~B*07:02~C*07:02~DQB1*06:02~DRB1*15:01,A*31:01~B*15:01~C*03:03~DQB1*03:03~DRB1*09:01,C100664=F1~M1;C100665=F1~M2;C100666=F1~M1,1.7955880452343004e-12
223,A*02:01~B*39:06~C*07:02~DQB1*04:02~DRB1*08:01,A*02:01~B*44:05~C*02:02~DQB1*05:02~DRB1*16:01,A*03:01~B*07:02~C*07:02~DQB1*06:02~DRB1*15:01,A*02:01~B*27:05~C*01:02~DQB1*02:01~DRB1*03:01,C100667=F2~M2;C100668=F1~M1,6.310900318709718e-12
224,A*02:01~B*40:02~C*02:02~DQB1*03:01~DRB1*11:01,A*11:01~B*35:01~C*04:01~DQB1*05:03~DRB1*14:01,A*02:01~B*15:01~C*03:04~DQB1*02:01~DRB1*07:01,A*11:01~B*52:01~C*12:02~DQB1*06:01~DRB1*15:02,C100670=F1~M2;C100671=F1~M1;C100672=F2~M2,3.258066527036909e-12
225,A*01:01~B*35:02~C*04:01~DQB1*03:01~DRB1*11:04,A*24:02~B*07:02~C*07:02~DQB1*06:02~DRB1*15:01,A*02:01~B*44:02~C*05:01~DQB1*05:01~DRB1*01:01,A*32:01~B*57:01~C*06:02~DQB1*02:01~DRB1*07:01,C100673=F1~M1;C100674=F2~M1;C100675=F2~M2,1.3071201773584312e-12
226,A*03:01~B*07:02~C*07:02~DQB1*06:02~DRB1*15:01,A*66:01~B*13:02~C*06:02~DQB1*05:03~DRB1*14:04,A*26:01~B*38:01~C*12:03~DQB1*03:02~DRB1*04:02,A*02:01~B*07:02~C*07:02~DQB1*06:02~DRB1*15:01,C100676=F2~M1;C100677=F2~M2;C100678=F2~M1,8.418403769943977e-20
227,A*02:01~B*44:02~C*05:01~DQB1*03:01~DRB1*04:07,A*02:01~B*15:01~C*03:03~DQB1*05:03~DRB1*14:01,A*02:01~B*44:02~C*05:01~DQB1*03:01~DRB1*11:01,A*01:01~B*08:01~C*07:01~DQB1*05:02~DRB1*16:01,C100679=F1~M2;C100680=F1~M2;C100681=F1~M1,2.102090159986345e-13
228,A*02:01~B*40:01~C*03:04~DQB1*03:02~DRB1*04:01,A*30:04~B*51:22~C*14:02~DQB1*03:02~DRB1*14:02,A*01:01~B*08:01~C*07:01~DQB1*02:01~DRB1*03:01,A*01:01~B*57:01~C*06:02~DQB1*03:01~DRB1*11:01,C100682=F1~M1;C100684=F2~M2,2.725398534582197e-32
231,A*02:02~B*35:02~C*04:01~DQB1*03:02~DRB1*04:03,A*01:01~B*08:01~C*07:01~DQB1*03:02~DRB1*04:04,A*02:01~B*07:04~C*07:02~DQB1*03:01~DRB1*13:03,A*03:01~B*44:02~C*05:01~DQB1*03:01~DRB1*04:01,C100691=F1~M2;C100692=F1~M2;C100693=F2~M1,4.0292887237966167e-19
232,A*01:01~B*08:01~C*07:01~DQB1*02:01~DRB1*03:01,A*32:01~B*44:02~C*05:01~DQB1*06:03~DRB1*13:01,A*33:01~B*14:02~C*08:02~DQB1*05:01~DRB1*01:02,A*02:01~B*14:01~C*08:02~DQB1*03:03~DRB1*07:01,C100694=F1~M2;C100695=F2~M1;C100696=F2~M2,2.2909271027429455e-11
233,A*02:01~B*44:03~C*16:01~DQB1*02:01~DRB1*07:01,A*24:02~B*18:01~C*05:01~DQB1*02:01~DRB1*03:01,A*03:01~B*14:02~C*08:02~DQB1*03:02~DRB1*04:04,A*02:01~B*51:01~C*14:02~DQB1*02:01~DRB1*03:01,C100697=F2~M1;C100698=F2~M2;C100699=F2~M2,7.373829926562322e-14
236,A*02:01~B*15:03~C*02:02~DQB1*02:01~DRB1*07:01,A*01:01~B*14:01~C*08:02~DQB1*02:01~DRB1*07:01,A*02:01~B*18:01~C*07:01~DQB1*03:01~DRB1*11:01,A*66:01~B*41:02~C*17:01~DQB1*03:01~DRB1*13:03,C100706=F1~M2;C100707=F1~M1;C100708=F2~M2,1.0526662770659931e-13
237,A*25:01~B*40:02~C*02:02~DQB1*03:01~DRB1*11:01,A*32:01~B*15:17~C*07:01~DQB1*06:04~DRB1*13:02,A*30:01~B*13:02~C*06:02~DQB1*02:01~DRB1*07:01,A*29:02~B*35:01~C*04:01~DQB1*03:02~DRB1*04:03,C100709=F1~M1;C100710=F2~M1;C100711=F1~M2,3.7682597850269335e-15
238,A*01:01~B*44:03~C*16:02~DQB1*03:02~DRB1*04:02,A*02:01~B*39:01~C*12:03~DQB1*03:01~DRB1*12:01,A*24:02~B*35:02~C*04:01~DQB1*03:01~DRB1*11:04,A*03:01~B*07:02~C*07:02~DQB1*06:02~DRB1*15:01,C100712=F1~M1;C100713=F2~M2;C100714=F2~M1,4.514337381741237e-12
242,A*02:01~B*50:01~C*06:02~DQB1*02:01~DRB1*03:01,A*01:01~B*08:01~C*07:01~DQB1*02:01~DRB1*03:01,A*03:01~B*15:01~C*04:01~DQB1*03:01~DRB1*04:01,A*29:02~B*44:03~C*16:01~DQB1*02:01~DRB1*07:01,C100724=F2~M1;C100725=F1~M1;C100726=F2~M1,3.2810074300821224e-11
243,A*02:01~B*44:02~C*05:01~DQB1*03:01~DRB1*04:01,A*01:01~B*08:01~C*07:01~DQB1*02:01~DRB1*03:01,A*24:02~B*35:02~C*04:01~DQB1*03:01~DRB1*11:04,A*30:02~B*18:01~C*05:01~DQB1*02:01~DRB1*03:01,C100727=F2~M1;C100728=F2~M2;C100729=F1~M2,4.778235280606775e-08
244,A*29:02~B*52:01~C*12:02~DQB1*06:01~DRB1*15:02,A*24:02~B*44:02~C*05:01~DQB1*03:01~DRB1*11:04,A*25:01~B*18:01~C*12:03~DQB1*06:02~DRB1*15:01,A*01:01~B*35:01~C*04:01~DQB1*05:01~DRB1*01:01,C100730=F2~M2;C100731=F2~M2;C100732=F1~M2,7.48833728002129e-14
245,A*02:01~B*42:01~C*17:01~DQB1*04:02~DRB1*03:02,A*03:01~B*35:03~C*12:03~DQB1*03:01~DRB1*11:01,A*03:01~B*07:02~C*07:02~DQB1*06:02~DRB1*15:01,A*29:02~B*44:03~C*16:01~DQB1*02:01~DRB1*07:01,C100733=F2~M1;C100734=F1~M1;C100735=F1~M2,6.816914347949772e-13
246,A*02:01~B*57:01~C*06:02~DQB1*03:03~DRB1*07:01,A*03:01~B*27:02~C*02:02~DQB1*06:03~DRB1*13:01,A*02:01~B*27:05~C*02:02~DQB1*03:01~DRB1*04:01,A*01:01~B*44:02~C*05:01~DQB1*03:01~DRB1*11:01,C100736=F2~M1;C100737=F1~M2;C100738=F2~M2,2.2925117837908072e-14
247,A*24:02~B*49:01~C*07:01~DQB1*06:04~DRB1*13:02,A*01:01~B*52:01~C*12:02~DQB1*06:01~DRB1*15:02,A*03:01~B*07:02~C*07:02~DQB1*06:02~DRB1*15:01,A*02:01~B*15:01~C*04:01~DQB1*05:02~DRB1*16:01,C100739=F2~M2;C100740=F1~M2;C100741=F1~M2,7.180372165989229e-13
249,A*11:01~B*39:01~C*07:02~DQB1*06:02~DRB1*15:01,A*02:01~B*15:01~C*03:03~DQB1*06:03~DRB1*13:01,A*02:06~B*27:05~C*03:03~DQB1*03:02~DRB1*04:04,A*32:01~B*14:01~C*08:02~DQB1*05:03~DRB1*14:01,C100745=F2~M2;C100746=F1~M1;C100747=F2~M2,8.608440130597774e-17
250,A*11:01~B*55:01~C*03:03~DQB1*02:01~DRB1*03:01,A*26:01~B*38:01~C*12:03~DQB1*06:09~DRB1*13:02,A*02:01~B*07:02~C*07:02~DQB1*06:02~DRB1*15:01,A*02:01~B*40:01~C*03:04~DQB1*06:04~DRB1*13:02,C100748=F1~M2;C100749=F2~M1;C100750=F2~M1,1.671542490733631e-11
252,A*11:01~B*35:01~C*04:01~DQB1*03:01~DRB1*11:04,A*02:01~B*07:02~C*07:02~DQB1*05:01~DRB1*10:01,A*24:02~B*18:01~C*07:01~DQB1*03:01~DRB1*11:04,A*01:01~B*15:17~C*07:01~DQB1*06:04~DRB1*13:02,C100754=F1~M1;C100755=F2~M1;C100756=F2~M1,9.685011963435184e-14
253,A*33:03~B*58:01~C*03:02~DQB1*02:01~DRB1*03:01,A*26:08~B*07:02~C*07:02~DQB1*06:02~DRB1*15:01,A*25:01~B*15:01~C*03:03~DQB1*05:01~DRB1*01:01,A*03:01~B*37:01~C*06:02~DQB1*03:01~DRB1*11:03,C100757=F1~M2;C100758=F2~M2;C100759=F2~M2,1.1097974434791558e-16
254,A*02:01~B*56:01~C*01:02~DQB1*05:01~DRB1*01:01,A*24:02~B*15:01~C*03:03~DQB1*05:03~DRB1*14:01,A*03:01~B*07:02~C*07:02~DQB1*02:01~DRB1*07:01,A*03:01~B*07:02~C*07:02~DQB1*06:02~DRB1*15:01,C100760=F2~M2;C100761=F2~M1;C100762=F1~M1,1.6265276200447527e-11
255,A*02:01~B*53:01~C*04:01~DQB1*06:04~DRB1*13:02,A*02:01~B*44:05~C*02:02~DQB1*05:02~DRB1*16:01,A*02:01~B*27:05~C*01:02~DQB1*06:03~DRB1*13:01,A*01:01~B*08:01~C*07:01~DQB1*02:01~DRB1*03:01,C100763=F2~M2;C100764=F2~M1;C100765=F1~M2,2.8674334113195955e-12
257,A*24:02~B*08:01~C*07:01~DQB1*02:01~DRB1*03:01,A*02:01~B*35:01~C*04:01~DQB1*03:01~DRB1*04:07,A*24:02~B*14:01~C*08:02~DQB1*02:01~DRB1*07:01,A*29:02~B*44:02~C*05:01~DQB1*03:01~DRB1*04:01,C100769=F2~M1;C100770=F2~M2;C100771=F2~M2,2.2841408548379308e-14
258,A*02:01~B*39:01~C*12:03~DQB1*05:02~DRB1*16:01,A*32:01~B*44:02~C*05:01~DQB1*03:01~DRB1*11:01,A*29:02~B*58:01~C*07:01~DQB1*04:02~DRB1*08:04,A*26:01~B*51:01~C*14:02~DQB1*03:01~DRB1*11:01,C100772=F1~M1;C100773=F1~M2;C100774=F1~M2,1.8305087170777273e-14
260,A*01:01~B*08:01~C*07:01~DQB1*02:01~DRB1*03:01,A*24:02~B*07:02~C*07:02~DQB1*03:01~DRB1*11:01,A*25:01~B*18:01~C*12:03~DQB1*06:02~DRB1*15:01,A*30:02~B*18:01~C*05:01~DQB1*02:01~DRB1*03:01,C100778=F2~M1;C100779=F2~M2;C100780=F2~M1,1.6917116150313514e-09
262,A*26:01~B*27:05~C*02:02~DQB1*03:01~DRB1*11:01,A*33:01~B*14:02~C*08:02~DQB1*03:02~DRB1*04:01,A*03:01~B*47:01~C*06:02~DQB1*03:02~DRB1*04:05,A*02:01~B*27:05~C*02:02~DQB1*06:01~DRB1*15:02,C100784=F1~M1;C100785=F2~M2;C100786=F1~M1,4.306096285976526e-17
264,A*02:01~B*07:02~C*07:02~DQB1*06:03~DRB1*13:01,A*23:01~B*41:02~C*17:01~DQB1*03:01~DRB1*11:04,A*02:01~B*15:01~C*03:04~DQB1*03:01~DRB1*04:01,A*02:01~B*35:01~C*04:01~DQB1*03:01~DRB1*04:07,C100790=F2~M1;C100791=F2~M1;C100792=F2~M1,6.739082100660991e-14
265,A*11:01~B*15:01~C*04:01~DQB1*02:01~DRB1*07:01,A*01:01~B*08:01~C*07:01~DQB1*02:01~DRB1*03:01,A*01:01~B*08:01~C*07:01~DQB1*03:01~DRB1*11:04,A*31:01~B*40:01~C*03:04~DQB1*03:02~DRB1*04:01,C100793=F1~M2;C100794=F2~M2;C100795=F2~M1,3.2646686402650793e-13
266,A*26:01~B*49:01~C*07:01~DQB1*06:04~DRB1*13:02,A*33:01~B*14:02~C*08:02~DQB1*02:01~DRB1*03:01,A*24:02~B*13:02~C*06:02~DQB1*02:01~DRB1*07:01,A*02:01~B*44:02~C*05:01~DQB1*03:01~DRB1*04:01,C100796=F2~M2;C100797=F1~M2;C100798=F1~M1,1.2152468452871384e-11
268,A*26:01~B*51:01~C*02:02~DQB1*02:01~DRB1*03:01,A*02:01~B*14:01~C*08:02~DQB1*02:01~DRB1*07:01,A*02:01~B*40:01~C*03:04~DQB1*06:04~DRB1*13:02,A*03:01~B*18:01~C*07:01~DQB1*03:01~DRB1*12:01,C100802=F2~M1;C100803=F2~M1;C100804=F1~M1,1.1161917064523113e-14
270,A*31:01~B*40:01~C*03:04~DQB1*04:02~DRB1*04:04,A*24:02~B*35:02~C*04:01~DQB1*03:01~DRB1*11:04,A*29:02~B*44:03~C*16:01~DQB1*06:03~DRB1*13:01,A*03:01~B*08:01~C*07:01~DQB1*02:01~DRB1*03:01,C100808=F1~M1;C100809=F2~M2;C100810=F2~M2,1.44214875753242e-13
271,A*30:01~B*13:02~C*06:02~DQB1*02:01~DRB1*07:01,A*02:01~B*44:02~C*05:01~DQB1*03:02~DRB1*04:04,A*01:01~B*08:01~C*07:01~DQB1*02:01~DRB1*03:01,A*11:01~B*14:02~C*08:02~DQB1*06:09~DRB1*13:02,C100811=F1~M2;C100812=F1~M1;C100813=F2~M1,3.7453724321819605e-10
272,A*26:01~B*07:02~C*15:05~DQB1*02:01~DRB1*03:01,A*68:01~B*07:02~C*07:02~DQB1*06:02~DRB1*15:01,A*02:01~B*15:03~C*12:03~DQB1*02:01~DRB1*07:01,A*03:01~B*51:01~C*15:02~DQB1*03:02~DRB1*04:02,C100814=F1~M2;C100815=F1~M2;C100816=F2~M2,3.4183263940658066e-17
274,A*03:01~B*07:02~C*07:02~DQB1*06:03~DRB1*13:01,A*24:02~B*07:02~C*07:02~DQB1*03:03~DRB1*07:01,A*02:01~B*51:01~C*14:02~DQB1*03:01~DRB1*11:04,A*24:02~B*15:01~C*03:03~DQB1*03:01~DRB1*11:01,C100820=F2~M2;C100821=F2~M2;C100822=F2~M2,1.550657152737013e-13
275,A*02:01~B*44:02~C*05:01~DQB1*05:01~DRB1*01:01,A*02:01~B*08:01~C*07:01~DQB1*02:01~DRB1*03:01,A*26:01~B*14:01~C*08:02~DQB1*02:01~DRB1*07:01,A*03:01~B*18:01~C*05:01~DQB1*02:01~DRB1*03:01,C100823=F2~M1;C100824=F2~M2;C100825=F2~M2,4.867853565904361e-11
276,A*03:01~B*27:05~C*02:02~DQB1*03:01~DRB1*04:01,A*02:01~B*44:02~C*07:04~DQB1*03:01~DRB1*12:01,A*26:01~B*35:01~C*04:01~DQB1*03:02~DRB1*04:05,A*01:01~B*35:01~C*04:01~DQB1*03:01~DRB1*11:04,C100826=F2~M2;C100827=F1~M1;C100828=F1~M2,4.029275204717941e-17
277,A*11:01~B*45:01~C*06:02~DQB1*02:01~DRB1*07:01,A*25:01~B*18:01~C*12:03~DQB1*06:02~DRB1*15:01,A*31:01~B*27:05~C*01:02~DQB1*06:09~DRB1*13:02,A*32:01~B*35:01~C*04:01~DQB1*03:01~DRB1*11:01,C100829=F2~M2;C100830=F2~M1;C100831=F2~M1,4.2830090183122695e-17
278,A*01:01~B*08:01~C*06:02~DQB1*04:02~DRB1*08:01,A*02:01~B*57:01~C*06:02~DQB1*03:03~DRB1*07:01,A*02:01~B*15:01~C*03:04~DQB1*03:02~DRB1*04:01,A*31:01~B*40:01~C*03:04~DQB1*03:02~DRB1*04:04,C100832=F2~M2;C100833=F1~M1;C100834=F1~M2,3.2148790644462275e-12
279,A*03:01~B*56:01~C*01:02~DQB1*03:02~DRB1*04:05,A*24:02~B*37:01~C*06:02~DQB1*04:02~DRB1*08:01,A*02:01~B*56:01~C*01:02~DQB1*05:01~DRB1*01:01,A*30:10~B*52:01~C*12:02~DQB1*06:01~DRB1*15:02,C100835=F1~M1;C100836=F1~M2;C100837=F1~M2,1.000680134063326e-17
280,A*01:01~B*08:01~C*07:01~DQB1*02:01~DRB1*03:01,A*33:01~B*14:02~C*08:02~DQB1*02:01~DRB1*03:01,A*24:02~B*27:05~C*02:02~DQB1*02:01~DRB1*07:01,A*32:01~B*15:01~C*03:03~DQB1*03:01~DRB1*11:01,C100838=F2~M1;C100839=F1~M2;C100840=F1~M2,3.3281717908542894e-12
281,A*11:01~B*18:01~C*07:01~DQB1*03:01~DRB1*11:04,A*69:01~B*55:01~C*01:02~DQB1*03:01~DRB1*11:01,A*02:01~B*27:05~C*02:02~DQB1*05:01~DRB1*01:01,A*11:01~B*51:08~C*15:02~DQB1*03:01~DRB1*11:01,C100841=F2~M1;C100842=F1~M2;C100843=F2~M1,2.2387885854570017e-14
282,A*03:01~B*07:02~C*07:02~DQB1*06:02~DRB1*15:01,A*02:01~B*44:02~C*07:12~DQB1*03:02~DRB1*04:04,A*02:01~B*44:02~C*05:01~DQB1*03:01~DRB1*11:01,A*01:01~B*08:01~C*07:01~DQB1*02:01~DRB1*03:01,C100844=F2~M1;C100845=F1~M1;C100846=F2~M1,3.927679951519915e-22
283,A*02:01~B*40:01~C*03:04~DQB1*05:01~DRB1*01:02,A*29:02~B*44:03~C*16:01~DQB1*02:01~DRB1*07:01,A*24:02~B*51:01~C*15:04~DQB1*03:01~DRB1*11:01,A*03:01~B*07:02~C*07:02~DQB1*05:01~DRB1*10:01,C100847=F1~M2;C100848=F2~M1;C100849=F1~M2,5.159123484753584e-15
285,A*03:01~B*07:02~C*07:02~DQB1*06:02~DRB1*15:01,A*32:01~B*15:17~C*07:01~DQB1*05:02~DRB1*16:02,A*32:01~B*27:05~C*02:02~DQB1*05:01~DRB1*01:01,A*03:01~B*07:02~C*07:02~DQB1*06:02~DRB1*15:01,C100853=F2~M2;C100855=F2~M1,7.405409874320685e-12
286,A*30:01~B*44:03~C*04:01~DQB1*02:01~DRB1*07:01,A*32:01~B*52:01~C*12:02~DQB1*06:01~DRB1*15:02,A*32:01~B*51:01~C*04:01~DQB1*02:01~DRB1*03:01,A*01:01~B*08:01~C*07:01~DQB1*02:01~DRB1*03:01,C100856=F1~M2;C100857=F1~M2;C100858=F2~M2,7.372348912772476e-15
287,A*02:05~B*50:01~C*06:02~DQB1*02:01~DRB1*07:01,A*02:01~B*44:02~C*05:01~DQB1*03:01~DRB1*04:01,A*01:01~B*37:01~C*06:02~DQB1*05:01~DRB1*10:01,A*01:01~B*08:01~C*07:01~DQB1*02:01~DRB1*03:01,C100859=F2~M2;C100860=F1~M1;C100861=F1~M1,1.9933018820099857e-08
288,A*02:01~B*51:01~C*14:02~DQB1*03:01~DRB1*11:01,A*03:01~B*07:02~C*07:02~DQB1*06:02~DRB1*15:01,A*02:01~B*51:01~C*01:02~DQB1*05:01~DRB1*01:01,A*32:01~B*14:01~C*08:02~DQB1*02:01~DRB1*07:01,C100862=F1~M1;C100863=F2~M1;C100864=F2~M2,1.4642192872337164e-10
289,A*02:01~B*07:02~C*07:02~DQB1*06:02~DRB1*15:01,A*11:01~B*40:02~C*02:02~DQB1*06:03~DRB1*13:01,A*03:01~B*07:02~C*07:02~DQB1*03:01~DRB1*01:03,A*01:01~B*07:02~C*07:02~DQB1*06:02~DRB1*15:01,C100865=F2~M2;C100866=F2~M1;C100867=F1~M1,1.8178951753853443e-11
290,A*03:01~B*51:01~C*02:02~DQB1*05:01~DRB1*01:01,A*24:02~B*18:01~C*12:03~DQB1*03:01~DRB1*11:04,A*02:01~B*44:02~C*05:01~DQB1*05:01~DRB1*01:01,A*11:01~B*13:02~C*06:02~DQB1*02:01~DRB1*07:01,C100868=F2~M1;C100869=F2~M2;C100870=F1~M2,5.390234924264727e-13
293,A*01:01~B*57:01~C*06:02~DQB1*03:03~DRB1*07:01,A*03:01~B*35:01~C*04:01~DQB1*05:01~DRB1*01:01,A*31:01~B*40:01~C*03:04~DQB1*03:02~DRB1*04:04,A*02:01~B*51:01~C*02:02~DQB1*03:01~DRB1*11:01,C100877=F1~M1;C100878=F1~M1;C100879=F1~M2,2.5181600580625773e-09
295,A*24:02~B*39:06~C*07:02~DQB1*06:09~DRB1*13:02,A*01:01~B*08:01~C*07:01~DQB1*02:01~DRB1*03:01,A*02:01~B*35:03~C*04:01~DQB1*03:01~DRB1*12:01,A*24:02~B*15:01~C*03:03~DQB1*05:01~DRB1*01:01,C100883=F1~M2;C100884=F2~M1;C100885=F2~M2,2.2038778255364247e-12
296,A*30:01~B*51:01~C*01:02~DQB1*03:01~DRB1*11:01,A*11:01~B*52:01~C*12:02~DQB1*02:01~DRB1*07:01,A*02:01~B*39:01~C*12:03~DQB1*06:03~DRB1*13:01,A*01:01~B*38:01~C*12:03~DQB1*06:03~DRB1*13:01,C100886=F2~M2;C100887=F2~M1;C100888=F1~M1,2.558323808716614e-16
297,A*24:02~B*48:01~C*08:03~DQB1*03:01~DRB1*04:01,A*23:01~B*35:01~C*04:01~DQB1*05:01~DRB1*01:01,A*24:02~B*51:01~C*01:02~DQB1*06:04~DRB1*13:02,A*03:01~B*27:05~C*01:02~DQB1*05:01~DRB1*01:01,C100889=F2~M2;C100890=F1~M2;C100891=F1~M1,1.0534676584508226e-17
298,A*32:01~B*15:01~C*03:03~DQB1*03:01~DRB1*11:03,A*02:01~B*44:02~C*05:01~DQB1*03:02~DRB1*04:01,A*03:01~B*07:02~C*07:02~DQB1*06:02~DRB1*15:01,A*68:01~B*44:02~C*07:04~DQB1*05:02~DRB1*16:01,C100892=F1~M1;C100893=F2~M2;C100894=F2~M1,3.932445682728466e-13
299,A*02:01~B*07:02~C*07:02~DQB1*03:01~DRB1*04:01,A*01:01~B*18:01~C*07:01~DQB1*05:01~DRB1*10:01,A*02:01~B*27:05~C*02:02~DQB1*05:01~DRB1*01:01,A*02:01~B*52:01~C*03:03~DQB1*03:02~DRB1*04:04,C100895=F2~M1;C100896=F2~M2;C100897=F1~M1,3.4320334932492375e-17
300,A*02:01~B*08:01~C*07:01~DQB1*02:01~DRB1*03:01,A*03:01~B*44:03~C*16:01~DQB1*06:02~DRB1*15:01,A*02:01~B*07:02~C*07:02~DQB1*06:02~DRB1*15:01,A*03:01~B*35:03~C*04:01~DQB1*04:02~DRB1*08:01,C100898=F2~M1;C100899=F1~M2;C100900=F2~M1,1.0640193028267038e-11
300,A*03:01~B*08:01~C*07:01~DQB1*02:01~DRB1*03:01,A*02:01~B*44:03~C*16:01~DQB1*06:02~DRB1*15:01,A*03:01~B*07:02~C*07:02~DQB1*06:02~DRB1*15:01,A*02:01~B*35:03~C*04:01~DQB1*04:02~DRB1*08:01,C100898=F2~M1;C100899=F1~M2;C100900=F2~M1,2.940556190708179e-12
301,A*02:01~B*08:01~C*07:01~DQB1*06:09~DRB1*13:02,A*02:01~B*07:02~C*07:02~DQB1*06:03~DRB1*13:01,A*01:01~B*08:01~C*07:01~DQB1*03:02~DRB1*04:01,A*02:01~B*40:01~C*03:04~DQB1*06:04~DRB1*13:02,C100901=F2~M2;C100902=F2~M1;C100903=F2~M1,5.155515693169565e-13
302,A*02:01~B*51:01~C*14:02~DQB1*03:02~DRB1*04:03,A*02:01~B*15:01~C*03:04~DQB1*03:02~DRB1*04:01,A*66:01~B*38:01~C*12:03~DQB1*03:01~DRB1*11:01,A*11:01~B*51:01~C*15:02~DQB1*06:02~DRB1*15:01,C100904=F2~M2;C100905=F1~M2;C100906=F2~M2,1.9015501356841288e-13
303,A*68:01~B*35:03~C*04:01~DQB1*03:01~DRB1*11:01,A*31:01~B*57:01~C*06:02~DQB1*03:03~DRB1*07:01,A*02:01~B*44:03~C*04:01~DQB1*02:01~DRB1*07:01,A*11:01~B*07:02~C*07:02~DQB1*06:03~DRB1*13:01,C100907=F1~M2;C100908=F1~M1;C100909=F2~M1,5.026276946211435e-14
305,A*26:01~B*38:01~C*12:03~DQB1*02:01~DRB1*07:01,A*24:02~B*07:02~C*07:02~DQB1*06:02~DRB1*15:01,A*02:01~B*41:02~C*17:01~DQB1*03:01~DRB1*13:03,A*25:01~B*44:02~C*07:04~DQB1*03:02~DRB1*04:01,C100913=F2~M2;C100914=F2~M2,1.6447294844921545e-14
306,A*24:02~B*18:01~C*12:03~DQB1*03:01~DRB1*04:01,A*01:01~B*55:01~C*03:03~DQB1*05:03~DRB1*14:01,A*01:01~B*07:02~C*07:02~DQB1*06:02~DRB1*15:01,A*03:01~B*35:01~C*04:01~DQB1*02:01~DRB1*07:01,C100916=F1~M1;C100917=F2~M1;C100918=F1~M1,9.0718090005344e-15
308,A*02:01~B*52:01~C*12:02~DQB1*06:01~DRB1*15:02,A*01:01~B*35:02~C*04:01~DQB1*03:01~DRB1*08:04,A*02:01~B*51:01~C*14:02~DQB1*03:01~DRB1*11:01,A*11:01~B*27:05~C*01:02~DQB1*06:03~DRB1*13:01,C100922=F1~M1;C100923=F1~M1;C100924=F2~M1,1.6233452890768039e-15
309,A*68:01~B*35:01~C*04:01~DQB1*05:01~DRB1*01:01,A*01:01~B*14:01~C*08:02~DQB1*04:02~DRB1*04:04,A*32:01~B*07:02~C*07:02~DQB1*06:02~DRB1*15:01,A*31:01~B*40:01~C*03:04~DQB1*03:02~DRB1*04:04,C100925=F2~M1;C100926=F1~M1;C100927=F2~M2,1.3312221311923057e-13
310,A*02:01~B*44:02~C*05:01~DQB1*04:02~DRB1*08:01,A*03:01~B*27:02~C*02:02~DQB1*06:02~DRB1*15:01,A*03:01~B*08:01~C*07:01~DQB1*02:01~DRB1*03:01,A*33:01~B*14:02~C*08:02~DQB1*05:01~DRB1*01:02,C100928=F2~M1;C100929=F1~M1;C100930=F2~M1,1.2425108409871037e-12
311,A*31:01~B*08:01~C*07:02~DQB1*02:01~DRB1*03:01,A*03:01~B*50:01~C*04:01~DQB1*03:01~DRB1*11:02,A*32:01~B*18:01~C*12:03~DQB1*06:04~DRB1*13:02,A*02:01~B*44:02~C*05:01~DQB1*03:01~DRB1*04:01,C100931=F2~M2;C100932=F1~M1;C100933=F1~M1,4.2170958737835137e-16
312,A*11:01~B*35:01~C*04:01~DQB1*05:01~DRB1*01:01,A*24:02~B*40:01~C*03:04~DQB1*06:03~DRB1*13:01,A*03:01~B*18:01~C*07:01~DQB1*06:04~DRB1*13:02,A*03:01~B*44:02~C*05:01~DQB1*06:03~DRB1*13:01,C100934=F2~M2;C100935=F2~M2;C100936=F2~M2,1.1381304876214112e-13
313,A*68:01~B*55:01~C*03:03~DQB1*06:03~DRB1*13:01,A*02:01~B*40:01~C*03:04~DQB1*05:03~DRB1*14:01,A*02:01~B*44:02~C*05:01~DQB1*03:01~DRB1*04:01,A*01:01~B*08:01~C*07:01~DQB1*03:02~DRB1*04:04,C100937=F1~M1;C100938=F1~M2;C100939=F1~M1,5.408928823891519e-13
314,A*23:01~B*58:01~C*07:01~DQB1*05:02~DRB1*16:01,A*03:01~B*15:01~C*03:03~DQB1*03:02~DRB1*04:03,A*26:01~B*49:01~C*07:01~DQB1*02:01~DRB1*03:01,A*01:01~B*08:01~C*07:01~DQB1*03:02~DRB1*04:01,C100940=F2~M2;C100941=F1~M1;C100942=F1~M1,1.438767222589662e-18
315,A*03:01~B*27:05~C*02:02~DQB1*06:02~DRB1*15:01,A*01:01~B*08:01~C*07:01~DQB1*02:01~DRB1*03:01,A*25:01~B*18:01~C*12:03~DQB1*03:02~DRB1*04:01,A*26:01~B*14:01~C*08:02~DQB1*02:01~DRB1*07:01,C100943=F2~M1;C100944=F1~M2;C100945=F1~M2,4.861230929266756e-11
317,A*24:02~B*35:02~C*04:01~DQB1*02:01~DRB1*07:01,A*24:02~B*44:02~C*05:01~DQB1*03:01~DRB1*12:01,A*24:02~B*44:02~C*07:04~DQB1*03:01~DRB1*11:01,A*03:02~B*49:01~C*07:01~DQB1*06:04~DRB1*13:02,C100949=F2~M2;C100950=F1~M1;C100951=F1~M1,2.9289266384850217e-15
319,A*02:01~B*07:02~C*07:02~DQB1*02:01~DRB1*07:01,A*24:02~B*37:01~C*06:02~DQB1*04:02~DRB1*08:01,A*01:01~B*40:02~C*02:02~DQB1*03:01~DRB1*11:01,A*03:01~B*07:02~C*07:02~DQB1*06:02~DRB1*15:01,C100955=F1~M2;C100956=F1~M1,4.116439562864919e-12
320,A*24:02~B*35:02~C*04:01~DQB1*03:01~DRB1*11:04,A*03:01~B*07:02~C*07:02~DQB1*06:02~DRB1*15:01,A*03:01~B*07:02~C*07:02~DQB1*06:02~DRB1*15:01,A*02:01~B*44:02~C*05:01~DQB1*03:01~DRB1*04:01,C100958=F1~M1;C100959=F1~M2;C100960=F2~M2,2.0647250821393764e-07
322,A*24:02~B*07:02~C*07:02~DQB1*06:02~DRB1*15:01,A*02:01~B*40:01~C*03:04~DQB1*03:03~DRB1*09:01,A*68:02~B*41:02~C*17:01~DQB1*05:01~DRB1*01:02,A*32:01~B*40:02~C*02:02~DQB1*03:01~DRB1*11:01,C100964=F2~M1;C100965=F2~M2;C100966=F2~M2,2.0762392490761584e-15
323,A*02:01~B*35:01~C*04:01~DQB1*02:01~DRB1*03:01,A*03:02~B*38:01~C*12:03~DQB1*06:03~DRB1*13:01,A*68:01~B*40:01~C*03:04~DQB1*06:04~DRB1*13:02,A*03:01~B*07:02~C*07:02~DQB1*06:03~DRB1*13:01,C100967=F2~M1;C100968=F2~M2;C100969=F2~M2,2.4397259907274304e-14
324,A*03:01~B*55:01~C*03:03~DQB1*05:03~DRB1*14:01,A*02:01~B*49:01~C*07:01~DQB1*03:02~DRB1*04:05,A*30:01~B*13:02~C*06:02~DQB1*06:04~DRB1*13:02,A*03:01~B*07:02~C*07:02~DQB1*06:02~DRB1*15:01,C100970=F1~M1;C100971=F2~M2;C100972=F1~M2,7.319860479432175e-13
325,A*02:01~B*35:08~C*04:01~DQB1*03:01~DRB1*11:04,A*26:01~B*35:01~C*04:01~DQB1*05:01~DRB1*01:01,A*03:01~B*44:02~C*05:01~DQB1*06:02~DRB1*15:01,A*01:01~B*57:01~C*06:02~DQB1*03:01~DRB1*12:01,C100973=F2~M1;C100974=F1~M2;C100975=F1~M1,2.1594274901403633e-15
328,A*11:01~B*35:01~C*04:01~DQB1*05:03~DRB1*14:01,A*02:01~B*15:01~C*03:03~DQB1*03:03~DRB1*07:01,A*24:02~B*51:01~C*14:02~DQB1*03:02~DRB1*04:03,A*02:01~B*40:01~C*03:04~DQB1*06:04~DRB1*13:02,C100982=F2~M1;C100983=F2~M1;C100984=F2~M2,7.101922657723879e-14
329,A*29:02~B*44:03~C*16:01~DQB1*06:03~DRB1*13:01,A*03:01~B*49:01~C*07:01~DQB1*03:01~DRB1*12:01,A*02:01~B*44:02~C*05:01~DQB1*04:02~DRB1*08:01,A*02:01~B*15:01~C*03:03~DQB1*03:02~DRB1*04:01,C100985=F1~M2;C100986=F2~M2;C100987=F2~M2,4.512050149823294e-14
330,A*68:01~B*18:01~C*07:01~DQB1*03:01~DRB1*11:01,A*01:01~B*08:01~C*07:01~DQB1*06:03~DRB1*13:01,A*24:02~B*35:02~C*04:01~DQB1*03:01~DRB1*11:04,A*11:01~B*35:01~C*04:01~DQB1*03:01~DRB1*04:07,C100988=F1~M2;C100989=F1~M1;C100990=F1~M1,2.2588001666281286e-12
331,A*01:01~B*08:01~C*07:01~DQB1*02:01~DRB1*03:01,A*02:01~B*08:01~C*07:01~DQB1*02:01~DRB1*03:01,A*02:01~B*44:02~C*05:01~DQB1*06:02~DRB1*15:01,A*03:01~B*08:01~C*07:01~DQB1*02:01~DRB1*03:01,C100991=F1~M2;C100992=F1~M1;C100993=F2~M2,1.785922738653281e-08
332,A*11:01~B*35:01~C*04:01~DQB1*05:01~DRB1*01:03,A*02:01~B*57:01~C*06:02~DQB1*03:01~DRB1*11:01,A*01:01~B*08:01~C*07:01~DQB1*02:01~DRB1*03:01,A*24:02~B*15:01~C*03:03~DQB1*03:02~DRB1*04:04,C100994=F2~M2;C100995=F1~M2;C100996=F2~M1,4.174199035523463e-11
333,A*03:01~B*07:02~C*07:02~DQB1*06:02~DRB1*15:01,A*11:01~B*52:01~C*12:02~DQB1*06:01~DRB1*15:02,A*68:01~B*35:03~C*04:01~DQB1*03:01~DRB1*12:01,A*02:01~B*35:03~C*04:01~DQB1*04:02~DRB1*08:01,C100997=F2~M2;C100998=F2~M2,2.347552265194762e-12
336,A*03:01~B*35:03~C*04:01~DQB1*04:02~DRB1*08:01,A*03:01~B*07:02~C*07:02~DQB1*06:02~DRB1*15:01,A*01:01~B*08:01~C*07:01~DQB1*02:01~DRB1*03:01,A*30:01~B*40:02~C*02:02~DQB1*03:01~DRB1*11:01,C101006=F2~M1;C101007=F2~M2;C101008=F1~M1,3.315585539744125e-11
337,A*30:01~B*44:05~C*02:02~DQB1*05:01~DRB1*01:01,A*03:01~B*07:02~C*07:02~DQB1*03:01~DRB1*04:01,A*02:01~B*40:01~C*03:04~DQB1*02:01~DRB1*03:01,A*02:01~B*51:01~C*14:02~DQB1*05:03~DRB1*14:01,C101009=F2~M2;C101010=F2~M2;C101011=F1~M1,4.376890772587845e-15
338,A*23:01~B*49:01~C*07:01~DQB1*06:03~DRB1*15:01,A*01:01~B*14:02~C*08:02~DQB1*03:01~DRB1*13:03,A*01:01~B*08:01~C*07:01~DQB1*02:01~DRB1*03:01,A*01:01~B*07:02~C*07:02~DQB1*06:02~DRB1*15:01,C101012=F2~M2;C101013=F1~M2;C101014=F2~M2,2.3426850340039386e-13
339,A*29:02~B*44:03~C*16:01~DQB1*06:02~DRB1*15:01,A*01:01~B*07:02~C*07:02~DQB1*06:02~DRB1*15:01,A*02:01~B*40:01~C*03:04~DQB1*06:04~DRB1*13:02,A*68:01~B*40:01~C*03:04~DQB1*05:01~DRB1*01:01,C101015=F1~M1;C101016=F1~M1;C101017=F2~M1,2.4797029740448963e-11
340,A*01:01~B*39:01~C*12:03~DQB1*05:02~DRB1*16:01,A*03:01~B*08:01~C*07:01~DQB1*02:01~DRB1*03:01,A*26:01~B*18:01~C*07:01~DQB1*06:02~DRB1*15:01,A*32:01~B*40:01~C*03:04~DQB1*03:02~DRB1*04:04,C101018=F2~M2;C101019=F1~M1;C101020=F1~M1,1.0397187955280701e-14
341,A*02:01~B*40:01~C*03:04~DQB1*06:02~DRB1*15:01,A*02:01~B*35:01~C*04:01~DQB1*06:03~DRB1*13:01,A*26:01~B*27:05~C*01:02~DQB1*03:02~DRB1*04:04,A*25:01~B*58:01~C*07:01~DQB1*03:01~DRB1*13:03,C101021=F1~M2;C101022=F1~M2;C101023=F1~M1,2.3841514703829416e-14
342,A*32:01~B*40:02~C*02:02~DQB1*05:02~DRB1*16:01,A*26:01~B*38:01~C*12:03~DQB1*03:02~DRB1*04:01,A*02:01~B*08:01~C*07:01~DQB1*02:01~DRB1*03:01,A*03:01~B*15:01~C*03:03~DQB1*06:03~DRB1*13:01,C101024=F2~M1;C101025=F2~M2;C101026=F2~M2,2.564453929791379e-13
345,A*03:01~B*07:02~C*07:02~DQB1*06:02~DRB1*15:01,A*03:01~B*14:02~C*08:02~DQB1*06:09~DRB1*13:02,A*02:01~B*07:02~C*07:02~DQB1*03:01~DRB1*04:07,A*02:01~B*08:01~C*07:01~DQB1*02:01~DRB1*03:01,C101033=F1~M1;C101034=F1~M1;C101035=F1~M1,4.776674417627918e-10
346,A*01:01~B*08:01~C*07:01~DQB1*02:01~DRB1*03:01,A*02:01~B*57:01~C*06:02~DQB1*02:01~DRB1*07:01,A*32:01~B*18:01~C*07:01~DQB1*06:03~DRB1*11:04,A*03:01~B*56:01~C*01:02~DQB1*03:01~DRB1*04:08,C101036=F1~M2;C101037=F1~M1;C101038=F1~M2,3.6972060751874025e-15
347,A*02:01~B*18:02~C*07:01~DQB1*03:01~DRB1*11:04,A*26:01~B*13:02~C*06:02~DQB1*06:03~DRB1*13:01,A*31:01~B*08:01~C*07:01~DQB1*02:01~DRB1*03:01,A*02:01~B*39:01~C*12:03~DQB1*03:01~DRB1*11:01,C101039=F2~M2;C101040=F2~M1;C101041=F1~M1,1.1214565213436305e-34
348,A*23:01~B*44:03~C*04:01~DQB1*02:01~DRB1*07:01,A*32:01~B*51:01~C*15:02~DQB1*05:01~DRB1*01:01,A*02:01~B*08:01~C*07:01~DQB1*02:01~DRB1*03:01,A*29:02~B*44:03~C*16:01~DQB1*02:01~DRB1*07:01,C101042=F1~M2;C101043=F1~M1;C101044=F2~M2,1.2086157309923115e-10
349,A*01:01~B*08:01~C*07:01~DQB1*03:03~DRB1*07:01,A*24:02~B*44:02~C*16:04~DQB1*03:01~DRB1*11:04,A*29:02~B*45:01~C*06:02~DQB1*06:02~DRB1*15:01,A*24:02~B*51:01~C*15:02~DQB1*05:01~DRB1*01:01,C101045=F1~M2;C101046=F1~M1;C101047=F2~M2,1.4113390773325621e-14
351,A*02:01~B*15:01~C*03:03~DQB1*03:01~DRB1*04:01,A*02:01~B*44:02~C*05:01~DQB1*06:03~DRB1*13:01,A*68:01~B*44:02~C*07:04~DQB1*03:01~DRB1*13:03,A*30:02~B*49:01~C*07:01~DQB1*06:02~DRB1*15:03,C101051=F1~M2;C101052=F2~M1;C101053=F1~M1,6.753984329701445e-17
352,A*01:01~B*37:01~C*06:02~DQB1*05:01~DRB1*10:01,A*01:01~B*08:01~C*07:01~DQB1*02:01~DRB1*03:01,A*01:01~B*58:01~C*07:01~DQB1*02:01~DRB1*07:01,A*26:01~B*38:01~C*12:03~DQB1*05:01~DRB1*01:01,C101054=F1~M1;C101055=F1~M2;C101056=F1~M1,5.132219027886077e-11
353,A*03:01~B*07:02~C*07:02~DQB1*06:02~DRB1*15:01,A*23:01~B*44:03~C*04:01~DQB1*02:01~DRB1*07:01,A*01:01~B*08:01~C*07:01~DQB1*02:01~DRB1*03:01,A*02:01~B*15:01~C*03:03~DQB1*06:03~DRB1*13:01,C101057=F2~M2;C101058=F2~M1;C101059=F1~M1,1.8036352192203943e-07
354,A*02:01~B*15:01~C*03:04~DQB1*04:02~DRB1*08:01,A*23:01~B*44:03~C*04:01~DQB1*03:01~DRB1*11:04,A*29:02~B*13:02~C*06:02~DQB1*02:01~DRB1*07:01,A*24:02~B*37:01~C*06:02~DQB1*04:02~DRB1*08:01,C101060=F2~M1;C101061=F2~M1;C101062=F2~M2,2.1137328679739287e-15
355,A*74:03~B*44:03~C*04:01~DQB1*02:01~DRB1*07:01,A*24:02~B*18:01~C*07:01~DQB1*03:03~DRB1*09:01,A*02:01~B*08:01~C*07:01~DQB1*06:02~DRB1*15:01,A*02:01~B*15:01~C*03:03~DQB1*03:02~DRB1*04:01,C101063=F1~M1;C101064=F2~M2;C101065=F1~M2,1.7237547172667072e-14
356,A*02:01~B*08:01~C*07:01~DQB1*02:01~DRB1*03:01,A*02:01~B*07:02~C*07:02~DQB1*06:02~DRB1*15:01,A*01:01~B*57:01~C*06:02~DQB1*03:03~DRB1*07:01,A*03:01~B*07:02~C*07:02~DQB1*06:02~DRB1*15:01,C101066=F2~M1;C101067=F2~M1;C101068=F2~M2,1.5206699199014385e-07
357,A*01:01~B*08:01~C*07:01~DQB1*02:01~DRB1*03:01,A*02:01~B*13:02~C*06:02~DQB1*05:01~DRB1*10:01,A*01:01~B*13:02~C*06:02~DQB1*02:01~DRB1*07:01,A*02:01~B*44:03~C*16:01~DQB1*02:01~DRB1*07:01,C101069=F1~M1;C101070=F1~M1;C101071=F1~M1,2.3335304292883562e-11
359,A*01:01~B*08:01~C*07:01~DQB1*02:01~DRB1*03:01,A*03:01~B*44:03~C*16:01~DQB1*02:01~DRB1*07:01,A*01:01~B*08:01~C*07:01~DQB1*02:01~DRB1*03:01,A*03:01~B*51:01~C*01:02~DQB1*05:01~DRB1*01:01,C101075=F1~M2;C101076=F2~M2;C101077=F2~M1,1.0020048320379317e-08
361,A*26:01~B*15:01~C*03:03~DQB1*06:03~DRB1*13:01,A*01:01~B*08:01~C*07:01~DQB1*02:01~DRB1*03:01,A*11:01~B*07:02~C*07:02~DQB1*06:02~DRB1*15:01,A*03:01~B*07:02~C*07:02~DQB1*03:01~DRB1*11:03,C101081=F2~M1;C101082=F2~M1;C101083=F2~M1,2.5051681853117754e-11
362,A*74:03~B*41:01~C*17:01~DQB1*02:01~DRB1*03:01,A*02:01~B*44:02~C*05:01~DQB1*03:02~DRB1*04:01,A*02:01~B*44:02~C*05:01~DQB1*06:04~DRB1*13:02,A*30:01~B*13:02~C*06:02~DQB1*02:01~DRB1*07:01,C101084=F2~M1;C101085=F1~M1;C101086=F1~M1,6.885977256279207e-15
364,A*02:01~B*44:02~C*05:01~DQB1*03:02~DRB1*04:02,A*01:01~B*35:02~C*04:01~DQB1*05:03~DRB1*14:01,A*25:01~B*18:01~C*12:03~DQB1*05:01~DRB1*01:01,A*02:01~B*08:01~C*07:01~DQB1*02:01~DRB1*03:01,C101090=F1~M1;C101091=F2~M1;C101092=F1~M1,1.7743430750925257e-13
365,A*02:01~B*44:05~C*02:02~DQB1*05:01~DRB1*01:01,A*29:01~B*35:02~C*04:01~DQB1*03:01~DRB1*11:04,A*24:02~B*51:01~C*01:02~DQB1*03:01~DRB1*11:01,A*24:02~B*51:01~C*15:02~DQB1*06:02~DRB1*15:01,C101093=F1~M2;C101094=F2~M2;C101095=F2~M2,9.08157735427584e-15
367,A*11:01~B*35:01~C*04:01~DQB1*05:01~DRB1*01:01,A*32:01~B*15:01~C*03:03~DQB1*05:02~DRB1*16:01,A*02:01~B*13:02~C*06:02~DQB1*02:01~DRB1*07:01,A*01:01~B*58:01~C*03:02~DQB1*02:01~DRB1*07:01,C101099=F1~M1;C101100=F2~M1;C101101=F2~M1,7.430835747156003e-14
368,A*11:01~B*44:02~C*05:01~DQB1*06:03~DRB1*13:01,A*02:01~B*44:02~C*05:01~DQB1*03:01~DRB1*08:03,A*24:02~B*39:01~C*12:03~DQB1*03:02~DRB1*04:04,A*02:01~B*08:01~C*07:01~DQB1*02:01~DRB1*03:01,C101102=F2~M2;C101103=F2~M1;C101104=F1~M2,1.4999049049047225e-14
369,A*11:01~B*14:02~C*08:02~DQB1*06:04~DRB1*13:02,A*02:01~B*40:01~C*03:04~DQB1*06:04~DRB1*13:02,A*24:02~B*07:02~C*07:02~DQB1*06:03~DRB1*13:01,A*02:01~B*08:01~C*07:01~DQB1*02:01~DRB1*03:01,C101105=F1~M1;C101106=F1~M2;C101107=F1~M2,1.3865339221406727e-12
370,A*32:01~B*07:02~C*07:02~DQB1*06:02~DRB1*15:01,A*01:01~B*08:01~C*07:01~DQB1*02:01~DRB1*03:01,A*03:01~B*51:01~C*14:02~DQB1*06:03~DRB1*13:01,A*26:08~B*08:01~C*07:01~DQB1*02:01~DRB1*03:01,C101108=F1~M2;C101109=F2~M2;C101110=F1~M2,9.343201249118575e-13
371,A*02:01~B*49:01~C*07:01~DQB1*03:01~DRB1*11:01,A*02:01~B*40:02~C*02:02~DQB1*05:03~DRB1*14:01,A*01:01~B*57:01~C*06:02~DQB1*03:03~DRB1*07:01,A*03:01~B*57:01~C*06:02~DQB1*05:02~DRB1*16:01,C101111=F1~M2;C101112=F2~M2;C101113=F1~M2,7.584892901131157e-14
373,A*02:01~B*15:17~C*07:01~DQB1*06:09~DRB1*13:02,A*01:01~B*08:01~C*07:01~DQB1*02:01~DRB1*03:01,A*02:01~B*54:01~C*01:02~DQB1*04:01~DRB1*04:05,A*24:02~B*40:02~C*03:04~DQB1*05:01~DRB1*01:01,C101117=F2~M1;C101118=F1~M2;C101119=F2~M1,5.3960827891358436e-17
374,A*24:02~B*55:01~C*03:03~DQB1*05:01~DRB1*01:01,A*24:02~B*13:02~C*06:02~DQB1*02:01~DRB1*07:01,A*03:01~B*14:02~C*08:02~DQB1*06:04~DRB1*13:02,A*02:01~B*44:02~C*05:01~DQB1*03:01~DRB1*04:01,C101120=F2~M1;C101122=F1~M2,5.500509396376485e-13
375,A*03:01~B*44:02~C*07:04~DQB1*06:03~DRB1*13:01,A*11:01~B*51:01~C*15:02~DQB1*03:03~DRB1*09:01,A*01:01~B*18:01~C*12:03~DQB1*03:01~DRB1*11:04,A*02:01~B*15:01~C*03:03~DQB1*06:02~DRB1*15:01,C101123=F1~M1;C101124=F1~M2;C101125=F1~M1,3.041421829124809e-15
376,A*02:01~B*13:02~C*06:02~DQB1*02:01~DRB1*07:01,A*24:02~B*44:02~C*05:01~DQB1*03:01~DRB1*04:01,A*02:01~B*40:01~C*03:04~DQB1*05:01~DRB1*01:01,A*11:01~B*37:01~C*06:02~DQB1*06:03~DRB1*13:01,C101126=F1~M1;C101127=F1~M2;C101128=F1~M1,7.726580195857503e-13
377,A*02:01~B*44:02~C*07:04~DQB1*05:01~DRB1*01:01,A*11:01~B*44:03~C*04:01~DQB1*03:01~DRB1*04:01,A*02:01~B*44:02~C*05:01~DQB1*03:01~DRB1*12:01,A*02:01~B*27:02~C*02:02~DQB1*05:02~DRB1*16:01,C101129=F1~M2;C101130=F2~M2;C101131=F2~M1,1.0329478721304627e-14
378,A*29:02~B*44:03~C*16:01~DQB1*03:02~DRB1*04:04,A*02:01~B*39:06~C*07:02~DQB1*02:01~DRB1*07:01,A*02:01~B*40:01~C*03:04~DQB1*06:04~DRB1*13:02,A*25:01~B*18:01~C*12:03~DQB1*02:01~DRB1*07:01,C101132=F1~M2;C101133=F2~M2;C101134=F1~M1,2.914218141495447e-13
379,A*01:01~B*08:01~C*07:01~DQB1*02:01~DRB1*03:01,A*01:01~B*08:01~C*07:01~DQB1*02:01~DRB1*03:01,A*02:01~B*57:01~C*06:02~DQB1*03:03~DRB1*07:01,A*24:02~B*40:02~C*02:02~DQB1*03:01~DRB1*11:01,C101135=F1~M1;C101136=F1~M1;C101137=F1~M2,2.8731687114588098e-08
380,A*01:01~B*08:01~C*07:01~DQB1*02:01~DRB1*03:01,A*02:01~B*07:02~C*07:02~DQB1*06:02~DRB1*15:01,A*02:01~B*44:02~C*05:01~DQB1*06:02~DRB1*15:01,A*24:02~B*44:05~C*02:02~DQB1*03:01~DRB1*11:04,C101138=F2~M2;C101139=F2~M2;C101140=F2~M1,3.0704046196741375e-09
381,A*02:01~B*39:01~C*12:03~DQB1*05:01~DRB1*01:01,A*01:01~B*37:01~C*06:02~DQB1*05:01~DRB1*01:01,A*03:01~B*44:02~C*07:04~DQB1*03:01~DRB1*08:03,A*01:01~B*55:01~C*03:03~DQB1*05:03~DRB1*14:01,C101141=F1~M1;C101142=F1~M2;C101143=F2~M1,7.579495877823756e-16
383,A*23:01~B*14:02~C*08:02~DQB1*05:01~DRB1*01:02,A*11:01~B*56:01~C*01:02~DQB1*05:01~DRB1*01:01,A*02:01~B*44:02~C*05:01~DQB1*03:01~DRB1*04:07,A*02:01~B*08:01~C*07:01~DQB1*02:01~DRB1*03:01,C101147=F2~M1;C101148=F2~M1;C101149=F2~M2,1.796653103039415e-12
384,A*24:02~B*07:02~C*07:02~DQB1*05:01~DRB1*01:01,A*26:01~B*38:01~C*12:03~DQB1*06:03~DRB1*13:01,A*26:01~B*38:01~C*12:03~DQB1*03:01~DRB1*11:04,A*02:01~B*40:01~C*03:04~DQB1*03:03~DRB1*09:01,C101150=F2~M2;C101151=F2~M2;C101152=F1~M2,1.3543366767485443e-12
385,A*11:01~B*35:01~C*04:01~DQB1*05:01~DRB1*01:01,A*29:02~B*44:03~C*16:01~DQB1*02:01~DRB1*07:01,A*02:01~B*07:02~C*07:02~DQB1*06:02~DRB1*15:01,A*68:02~B*53:01~C*04:01~DQB1*06:09~DRB1*13:02,C101153=F2~M1;C101154=F1~M1;C101155=F1~M2,1.409436894432287e-10
387,A*24:02~B*07:02~C*07:02~DQB1*06:02~DRB1*15:01,A*02:01~B*57:01~C*06:02~DQB1*03:03~DRB1*07:01,A*02:01~B*44:02~C*05:01~DQB1*03:01~DRB1*04:01,A*11:01~B*35:03~C*12:03~DQB1*03:04~DRB1*04:08,C101159=F2~M1;C101160=F2~M1;C101161=F1~M2,1.3104762035047773e-09
389,A*26:01~B*15:01~C*04:01~DQB1*06:02~DRB1*15:01,A*32:01~B*08:01~C*07:02~DQB1*02:01~DRB1*03:01,A*29:02~B*45:01~C*06:02~DQB1*03:01~DRB1*04:01,A*24:02~B*40:01~C*03:04~DQB1*05:01~DRB1*01:01,C101165=F1~M2;C101166=F1~M1;C101167=F2~M2,1.825237254227457e-15
390,A*68:01~B*38:01~C*12:03~DQB1*03:01~DRB1*11:04,A*02:01~B*51:01~C*14:02~DQB1*03:01~DRB1*08:03,A*03:01~B*51:01~C*12:03~DQB1*05:01~DRB1*01:01,A*29:02~B*44:03~C*16:01~DQB1*05:01~DRB1*01:01,C101168=F2~M1;C101169=F1~M1;C101170=F1~M1,5.3558975012154585e-15
392,A*24:02~B*38:01~C*12:03~DQB1*05:01~DRB1*01:02,A*02:01~B*27:05~C*01:02~DQB1*05:01~DRB1*01:01,A*03:01~B*35:01~C*04:01~DQB1*05:01~DRB1*01:01,A*30:01~B*44:03~C*04:01~DQB1*06:02~DRB1*15:01,C101174=F1~M1;C101175=F1~M2;C101176=F1~M1,1.7674264886593317e-15
393,A*03:01~B*35:01~C*04:01~DQB1*05:01~DRB1*01:01,A*02:01~B*51:01~C*15:02~DQB1*03:04~DRB1*04:08,A*02:01~B*07:02~C*07:02~DQB1*06:02~DRB1*15:01,A*03:01~B*40:01~C*03:04~DQB1*03:02~DRB1*04:04,C101177=F2~M2;C101178=F2~M1;C101179=F1~M1,2.328803128763701e-12
394,A*01:01~B*49:01~C*07:01~DQB1*03:01~DRB1*11:01,A*01:01~B*44:03~C*16:01~DQB1*02:01~DRB1*07:01,A*03:01~B*35:01~C*04:01~DQB1*05:01~DRB1*01:01,A*01:01~B*49:01~C*07:01~DQB1*03:01~DRB1*11:04,C101180=F1~M1;C101181=F2~M2;C101182=F2~M2,3.055391806912037e-13
395,A*32:01~B*27:05~C*01:02~DQB1*06:02~DRB1*15:01,A*01:01~B*52:01~C*12:02~DQB1*05:02~DRB1*16:01,A*03:01~B*07:02~C*07:02~DQB1*06:02~DRB1*15:01,A*02:01~B*55:01~C*03:03~DQB1*03:03~DRB1*09:01,C101183=F2~M1;C101184=F2~M1;C101185=F2~M2,3.672141152064038e-15
396,A*02:01~B*51:01~C*15:02~DQB1*03:01~DRB1*11:01,A*03:01~B*35:03~C*12:03~DQB1*05:03~DRB1*14:01,A*29:02~B*44:02~C*05:01~DQB1*06:03~DRB1*13:01,A*01:01~B*37:01~C*06:02~DQB1*03:03~DRB1*07:01,C101186=F2~M1;C101187=F2~M1;C101188=F1~M2,6.2007305741776945e-15
397,A*01:01~B*08:01~C*07:01~DQB1*06:03~DRB1*13:01,A*68:01~B*14:02~C*08:02~DQB1*06:09~DRB1*13:02,A*02:01~B*51:01~C*14:02~DQB1*02:01~DRB1*03:01,A*02:01~B*07:02~C*07:02~DQB1*06:02~DRB1*15:01,C101189=F2~M2;C101190=F1~M1;C101191=F2~M1,1.9359599447397393e-12
398,A*32:01~B*15:17~C*07:01~DQB1*06:04~DRB1*13:02,A*02:01~B*44:02~C*05:01~DQB1*06:03~DRB1*13:01,A*02:01~B*14:02~C*08:02~DQB1*06:04~DRB1*13:02,A*02:01~B*44:02~C*05:01~DQB1*03:02~DRB1*04:01,C101192=F2~M1;C101193=F2~M1;C101194=F1~M2,4.678534319921419e-13
399,A*02:01~B*08:01~C*07:01~DQB1*02:01~DRB1*03:01,A*24:02~B*13:02~C*06:02~DQB1*05:01~DRB1*10:01,A*03:02~B*51:01~C*15:02~DQB1*05:02~DRB1*16:02,A*02:01~B*44:02~C*05:01~DQB1*02:01~DRB1*07:01,C101195=F2~M1;C101196=F1~M1;C101197=F1~M2,2.9072391357058996e-15
400,A*02:01~B*40:01~C*03:04~DQB1*06:04~DRB1*13:02,A*24:02~B*15:01~C*01:02~DQB1*03:03~DRB1*09:01,A*01:01~B*35:01~C*04:01~DQB1*02:01~DRB1*07:01,A*25:01~B*18:01~C*12:03~DQB1*02:01~DRB1*07:01,C101198=F1~M1;C101199=F2~M2;C101200=F2~M2,2.541113596816041e-13
402,A*02:01~B*40:01~C*03:04~DQB1*03:03~DRB1*09:01,A*32:01~B*51:01~C*02:02~DQB1*02:01~DRB1*07:01,A*02:01~B*44:02~C*05:01~DQB1*03:01~DRB1*04:01,A*02:01~B*07:02~C*07:02~DQB1*06:09~DRB1*13:02,C101204=F2~M2;C101205=F2~M2;C101206=F2~M1,1.3332458946397151e-14
404,A*03:01~B*07:02~C*07:02~DQB1*06:02~DRB1*15:01,A*01:01~B*08:01~C*07:01~DQB1*02:01~DRB1*03:01,A*02:01~B*44:02~C*05:01~DQB1*05:01~DRB1*01:01,A*02:01~B*08:01~C*07:01~DQB1*03:01~DRB1*11:04,C101210=F1~M2;C101211=F1~M1;C101212=F2~M1,1.1259646688731825e-09
405,A*03:01~B*07:02~C*07:02~DQB1*03:02~DRB1*04:04,A*03:01~B*07:02~C*07:02~DQB1*06:02~DRB1*15:01,A*01:01~B*57:01~C*06:02~DQB1*06:01~DRB1*15:02,A*32:01~B*44:02~C*05:01~DQB1*03:01~DRB1*11:04,C101213=F1~M1;C101214=F2~M2;C101215=F2~M1,1.5000523950611548e-12
406,A*02:01~B*51:01~C*07:01~DQB1*03:01~DRB1*11:04,A*03:01~B*14:02~C*08:02~DQB1*02:01~DRB1*07:01,A*30:01~B*13:02~C*06:02~DQB1*02:01~DRB1*07:01,A*02:01~B*07:02~C*07:02~DQB1*06:02~DRB1*15:01,C101216=F2~M2;C101217=F1~M1;C101218=F2~M1,1.3982886428824558e-11
407,A*01:01~B*08:01~C*07:01~DQB1*06:02~DRB1*15:01,A*26:01~B*44:05~C*02:02~DQB1*05:02~DRB1*16:01,A*02:01~B*44:02~C*07:04~DQB1*03:01~DRB1*11:01,A*68:01~B*40:06~C*15:02~DQB1*06:02~DRB1*15:01,C101219=F1~M1;C101220=F1~M2;C101221=F1~M1,1.456987308477574e-15
408,A*32:01~B*49:01~C*07:01~DQB1*06:04~DRB1*13:02,A*24:02~B*52:01~C*12:02~DQB1*06:01~DRB1*15:02,A*02:01~B*40:01~C*03:04~DQB1*04:02~DRB1*08:01,A*01:01~B*15:01~C*03:03~DQB1*06:02~DRB1*15:01,C101222=F1~M2;C101223=F1~M1;C101224=F1~M2,3.0088811307770675e-14
409,A*03:01~B*40:01~C*03:04~DQB1*06:02~DRB1*15:01,A*29:02~B*44:03~C*16:01~DQB1*02:01~DRB1*07:01,A*32:01~B*40:02~C*02:02~DQB1*05:03~DRB1*14:01,A*03:01~B*35:01~C*04:01~DQB1*05:03~DRB1*14:01,C101225=F1~M1;C101226=F1~M1;C101227=F2~M1,7.36234809088359e-13
410,A*01:01~B*08:01~C*07:01~DQB1*02:01~DRB1*03:01,A*03:01~B*07:02~C*07:02~DQB1*06:02~DRB1*15:01,A*26:01~B*38:01~C*12:03~DQB1*03:01~DRB1*11:01,A*03:01~B*15:01~C*03:03~DQB1*03:01~DRB1*11:03,C101228=F1~M1;C101229=F2~M1;C101230=F1~M2,7.180481056408298e-10
411,A*02:01~B*57:01~C*06:02~DQB1*02:01~DRB1*07:01,A*02:01~B*51:01~C*15:02~DQB1*03:01~DRB1*13:03,A*11:01~B*27:05~C*01:02~DQB1*03:02~DRB1*04:04,A*25:01~B*13:02~C*06:02~DQB1*02:01~DRB1*07:01,C101231=F1~M2;C101232=F1~M2;C101233=F1~M1,3.313451780413895e-17
413,A*02:01~B*13:02~C*06:02~DQB1*02:01~DRB1*07:01,A*03:01~B*35:01~C*04:01~DQB1*05:01~DRB1*01:01,A*02:01~B*39:06~C*07:02~DQB1*04:02~DRB1*08:01,A*02:01~B*08:01~C*07:01~DQB1*02:01~DRB1*03:01,C101237=F1~M2;C101238=F2~M1;C101239=F1~M1,1.0067346102076275e-09
414,A*30:02~B*18:01~C*05:01~DQB1*02:01~DRB1*03:01,A*03:01~B*35:01~C*04:01~DQB1*05:01~DRB1*01:01,A*03:01~B*47:01~C*06:02~DQB1*02:01~DRB1*07:01,A*31:01~B*44:02~C*05:01~DQB1*02:01~DRB1*07:01,C101240=F1~M2;C101241=F1~M2;C101242=F2~M2,3.0372941417624046e-12
415,A*02:01~B*15:01~C*03:04~DQB1*06:02~DRB1*15:01,A*01:01~B*57:01~C*06:02~DQB1*03:03~DRB1*07:01,A*11:01~B*07:02~C*07:02~DQB1*06:02~DRB1*15:01,A*23:01~B*44:03~C*04:01~DQB1*02:01~DRB1*07:01,C101243=F2~M2;C101244=F1~M2;C101245=F1~M2,5.026261136047066e-10
417,A*24:02~B*18:01~C*07:01~DQB1*03:01~DRB1*11:04,A*11:01~B*08:01~C*07:01~DQB1*02:01~DRB1*03:01,A*33:01~B*39:01~C*12:03~DQB1*05:02~DRB1*16:01,A*03:01~B*51:01~C*15:02~DQB1*02:01~DRB1*07:01,C101249=F2~M1;C101250=F2~M1;C101251=F1~M2,1.6070045935351088e-15
418,A*01:01~B*08:01~C*07:01~DQB1*02:01~DRB1*03:01,A*32:01~B*44:02~C*05:01~DQB1*03:01~DRB1*11:01,A*02:01~B*08:01~C*07:01~DQB1*02:01~DRB1*03:01,A*11:01~B*40:01~C*03:04~DQB1*03:01~DRB1*13:05,C101252=F1~M1;C101253=F1~M2;C101254=F2~M2,1.2397067120048448e-13
419,A*11:01~B*52:01~C*12:02~DQB1*02:01~DRB1*07:01,A*02:01~B*44:02~C*05:01~DQB1*06:03~DRB1*13:01,A*02:01~B*14:02~C*08:02~DQB1*06:09~DRB1*13:02,A*02:01~B*07:02~C*07:02~DQB1*06:02~DRB1*15:01,C101255=F2~M1;C101256=F2~M2;C101257=F1~M1,8.169251178118404e-12
420,A*02:01~B*08:01~C*07:01~DQB1*02:01~DRB1*03:01,A*11:01~B*51:01~C*15:02~DQB1*03:02~DRB1*04:04,A*68:01~B*18:01~C*07:01~DQB1*06:02~DRB1*15:01,A*30:02~B*18:01~C*05:01~DQB1*05:01~DRB1*01:02,C101258=F2~M1;C101259=F1~M2;C101260=F2~M1,1.0305581115811741e-14
421,A*29:01~B*41:01~C*17:01~DQB1*06:03~DRB1*13:01,A*02:01~B*44:02~C*05:01~DQB1*03:01~DRB1*11:01,A*68:01~B*56:01~C*01:02~DQB1*04:02~DRB1*08:01,A*03:01~B*35:01~C*04:01~DQB1*05:01~DRB1*01:01,C101261=F2~M1;C101262=F1~M2,1.2149731267876199e-14
422,A*02:01~B*13:02~C*06:02~DQB1*03:01~DRB1*11:04,A*01:01~B*57:01~C*06:02~DQB1*03:02~DRB1*04:04,A*02:01~B*13:02~C*06:02~DQB1*02:01~DRB1*07:01,A*03:01~B*07:02~C*07:02~DQB1*06:02~DRB1*15:01,C101264=F1~M2;C101265=F2~M1;C101266=F2~M2,9.82204947038541e-12
423,A*24:02~B*50:01~C*06:02~DQB1*02:01~DRB1*07:01,A*68:01~B*51:01~C*15:02~DQB1*03:02~DRB1*04:04,A*30:01~B*49:01~C*07:01~DQB1*06:04~DRB1*13:02,A*03:01~B*15:01~C*03:04~DQB1*03:01~DRB1*04:01,C101267=F1~M2;C101268=F1~M1;C101269=F1~M1,1.290126679969444e-15
424,A*24:02~B*07:02~C*07:02~DQB1*06:02~DRB1*15:01,A*01:01~B*08:01~C*07:01~DQB1*02:01~DRB1*03:01,A*25:01~B*44:02~C*05:01~DQB1*03:01~DRB1*12:01,A*32:01~B*08:01~C*07:01~DQB1*03:03~DRB1*07:01,C101270=F1~M2;C101271=F1~M2;C101272=F2~M2,3.8863364757451375e-13
425,A*24:02~B*27:05~C*01:02~DQB1*05:01~DRB1*01:01,A*01:01~B*08:01~C*07:01~DQB1*02:01~DRB1*03:01,A*30:01~B*13:02~C*06:02~DQB1*03:01~DRB1*11:04,A*26:01~B*14:01~C*08:02~DQB1*03:01~DRB1*11:04,C101273=F2~M2;C101274=F1~M1;C101275=F2~M1,1.6872710385010385e-13
426,A*03:01~B*07:02~C*07:02~DQB1*02:01~DRB1*03:01,A*02:01~B*44:02~C*05:01~DQB1*05:01~DRB1*01:01,A*29:02~B*15:01~C*03:03~DQB1*06:03~DRB1*13:01,A*30:01~B*13:02~C*06:02~DQB1*02:01~DRB1*07:01,C101276=F2~M1;C101277=F1~M2;C101278=F1~M1,8.395625549684551e-12
428,A*01:01~B*08:01~C*07:01~DQB1*02:01~DRB1*03:01,A*02:01~B*18:01~C*07:01~DQB1*03:01~DRB1*11:04,A*29:02~B*44:03~C*16:01~DQB1*02:01~DRB1*07:01,A*01:01~B*15:01~C*03:03~DQB1*02:01~DRB1*07:01,C101282=F1~M2;C101283=F2~M1;C101284=F2~M1,9.248182994302118e-10
429,A*30:02~B*49:01~C*07:01~DQB1*02:01~DRB1*07:01,A*32:01~B*15:17~C*07:01~DQB1*06:04~DRB1*13:02,A*02:01~B*44:02~C*05:01~DQB1*03:02~DRB1*04:01,A*02:01~B*39:01~C*07:01~DQB1*03:01~DRB1*13:03,C101285=F1~M1;C101286=F2~M2;C101287=F1~M1,5.034686772202769e-15
431,A*01:01~B*37:01~C*06:02~DQB1*05:01~DRB1*10:01,A*03:01~B*07:02~C*07:02~DQB1*06:02~DRB1*15:01,A*26:01~B*15:08~C*01:02~DQB1*02:01~DRB1*03:01,A*32:01~B*35:08~C*04:01~DQB1*05:01~DRB1*15:01,C101291=F2~M1;C101293=F2~M1,1.0874736575170144e-15
432,A*24:02~B*15:01~C*03:03~DQB1*06:03~DRB1*13:01,A*11:01~B*35:01~C*04:01~DQB1*06:03~DRB1*13:01,A*03:01~B*07:02~C*07:02~DQB1*06:02~DRB1*15:01,A*02:01~B*44:03~C*16:01~DQB1*02:01~DRB1*07:01,C101294=F1~M1;C101295=F1~M2;C101296=F2~M2,2.930691487874654e-10
433,A*23:01~B*44:03~C*04:01~DQB1*06:03~DRB1*13:01,A*30:01~B*38:01~C*12:03~DQB1*06:04~DRB1*13:02,A*01:01~B*08:01~C*07:01~DQB1*06:03~DRB1*13:01,A*01:01~B*35:02~C*04:01~DQB1*03:01~DRB1*11:04,C101297=F2~M1;C101298=F2~M2;C101299=F2~M1,1.645826312972429e-14
434,A*01:01~B*08:01~C*07:01~DQB1*06:02~DRB1*15:01,A*01:01~B*44:02~C*05:01~DQB1*05:01~DRB1*01:01,A*31:01~B*35:03~C*04:01~DQB1*06:02~DRB1*15:01,A*03:01~B*14:02~C*08:02~DQB1*05:01~DRB1*01:02,C101300=F2~M1;C101301=F1~M1;C101302=F2~M2,6.094288649611105e-14
435,A*01:01~B*51:01~C*14:02~DQB1*04:02~DRB1*08:01,A*02:01~B*38:01~C*12:03~DQB1*03:01~DRB1*11:01,A*11:01~B*15:01~C*04:01~DQB1*04:02~DRB1*08:01,A*02:01~B*07:02~C*07:02~DQB1*03:01~DRB1*04:01,C101303=F1~M1;C101304=F2~M2;C101305=F2~M1,1.1723182782841814e-15
436,A*02:01~B*44:02~C*05:01~DQB1*03:02~DRB1*04:01,A*03:01~B*07:02~C*07:02~DQB1*06:02~DRB1*15:01,A*01:01~B*57:01~C*06:02~DQB1*03:02~DRB1*04:04,A*02:01~B*39:01~C*07:02~DQB1*06:03~DRB1*13:01,C101306=F1~M1;C101307=F1~M2;C101308=F1~M1,4.340788347562472e-12
438,A*01:01~B*08:01~C*07:01~DQB1*06:02~DRB1*15:01,A*02:01~B*07:02~C*07:02~DQB1*06:02~DRB1*15:01,A*02:01~B*15:01~C*03:03~DQB1*02:01~DRB1*03:01,A*02:01~B*35:01~C*07:02~DQB1*05:01~DRB1*01:01,C101312=F2~M1;C101313=F1~M2;C101314=F2~M1,2.504645443622479e-12
439,A*66:01~B*41:02~C*17:01~DQB1*03:01~DRB1*12:01,A*02:01~B*07:02~C*07:02~DQB1*03:02~DRB1*04:01,A*03:01~B*07:02~C*07:02~DQB1*03:01~DRB1*11:03,A*02:01~B*40:01~C*03:04~DQB1*03:01~DRB1*11:01,C101315=F1~M2;C101316=F2~M1,7.921180484485147e-15
440,A*68:01~B*18:01~C*07:01~DQB1*03:01~DRB1*11:01,A*01:01~B*37:01~C*06:02~DQB1*05:01~DRB1*01:01,A*29:01~B*38:01~C*12:03~DQB1*03:02~DRB1*04:02,A*02:01~B*55:01~C*03:03~DQB1*05:01~DRB1*01:03,C101318=F1~M1;C101319=F2~M1;C101320=F1~M2,3.73956772649961e-17
441,A*03:01~B*35:03~C*04:01~DQB1*02:01~DRB1*03:01,A*01:01~B*15:01~C*03:03~DQB1*03:01~DRB1*11:03,A*02:01~B*07:02~C*07:02~DQB1*05:01~DRB1*01:01,A*01:01~B*55:01~C*03:03~DQB1*03:01~DRB1*04:07,C101321=F1~M2;C101322=F2~M2;C101323=F2~M1,1.2130109762128192e-14
442,A*02:01~B*27:05~C*01:02~DQB1*05:01~DRB1*01:01,A*02:01~B*35:01~C*04:01~DQB1*03:01~DRB1*11:04,A*02:01~B*44:02~C*05:01~DQB1*02:01~DRB1*07:01,A*03:01~B*07:02~C*07:02~DQB1*06:02~DRB1*15:01,C101324=F2~M1;C101325=F1~M1;C101326=F2~M2,5.935615363740841e-11
444,A*68:01~B*51:01~C*15:02~DQB1*06:03~DRB1*13:01,A*02:01~B*13:02~C*06:02~DQB1*02:01~DRB1*07:01,A*29:02~B*44:03~C*16:01~DQB1*02:01~DRB1*07:01,A*02:01~B*15:01~C*03:03~DQB1*06:03~DRB1*13:01,C101330=F1~M1;C101331=F2~M1;C101332=F1~M2,8.024905818550294e-10
445,A*02:01~B*15:01~C*03:03~DQB1*03:02~DRB1*04:01,A*11:01~B*14:01~C*08:02~DQB1*02:01~DRB1*07:01,A*01:01~B*08:01~C*07:01~DQB1*02:01~DRB1*03:01,A*26:01~B*35:01~C*04:01~DQB1*03:01~DRB1*11:01,C101333=F2~M1;C101334=F1~M1;C101335=F2~M1,4.276127595351446e-12
446,A*11:01~B*40:01~C*03:04~DQB1*06:04~DRB1*13:02,A*11:01~B*14:02~C*08:02~DQB1*06:04~DRB1*13:02,A*31:01~B*40:01~C*03:04~DQB1*03:02~DRB1*04:04,A*02:01~B*52:01~C*12:02~DQB1*06:01~DRB1*15:02,C101336=F1~M2;C101337=F2~M1;C101338=F2~M2,1.0034440986788462e-13
447,A*02:05~B*58:01~C*07:01~DQB1*06:09~DRB1*13:02,A*11:01~B*35:01~C*04:01~DQB1*06:02~DRB1*15:01,A*01:01~B*08:01~C*07:01~DQB1*02:01~DRB1*03:01,A*66:01~B*41:02~C*17:01~DQB1*05:01~DRB1*10:01,C101339=F2~M2;C101340=F1~M2;C101341=F2~M2,6.010878179803455e-13
450,A*02:01~B*40:01~C*03:04~DQB1*06:04~DRB1*13:02,A*03:01~B*35:01~C*04:01~DQB1*05:01~DRB1*01:01,A*23:01~B*44:03~C*04:01~DQB1*02:01~DRB1*07:01,A*01:01~B*08:01~C*07:01~DQB1*02:01~DRB1*03:01,C101348=F1~M2;C101349=F1~M2;C101350=F2~M2,1.3310044619070115e-07
453,A*02:01~B*40:01~C*03:04~DQB1*06:04~DRB1*13:02,A*02:01~B*27:05~C*02:02~DQB1*03:02~DRB1*04:01,A*01:01~B*08:01~C*07:01~DQB1*06:02~DRB1*15:01,A*02:01~B*44:02~C*05:01~DQB1*03:01~DRB1*11:01,C101357=F1~M2;C101358=F2~M2;C101359=F2~M2,1.069801957840838e-10
454,A*24:02~B*07:02~C*07:02~DQB1*06:02~DRB1*15:01,A*02:01~B*39:06~C*12:03~DQB1*05:02~DRB1*16:01,A*01:01~B*37:01~C*06:02~DQB1*02:01~DRB1*07:01,A*02:01~B*18:01~C*07:01~DQB1*03:01~DRB1*11:04,C101360=F2~M2;C101361=F1~M2;C101362=F1~M1,5.4408928030764215e-12
455,A*02:01~B*40:01~C*03:04~DQB1*05:01~DRB1*01:01,A*02:01~B*13:02~C*06:02~DQB1*03:03~DRB1*07:01,A*02:01~B*44:02~C*05:01~DQB1*03:01~DRB1*04:01,A*01:01~B*08:01~C*07:01~DQB1*02:01~DRB1*03:01,C101363=F1~M1;C101364=F2~M1;C101365=F1~M2,6.087472022190519e-10
456,A*02:01~B*27:05~C*02:02~DQB1*03:03~DRB1*09:01,A*24:02~B*18:01~C*05:01~DQB1*02:01~DRB1*03:01,A*01:01~B*37:01~C*06:02~DQB1*05:01~DRB1*10:01,A*33:03~B*58:01~C*03:02~DQB1*02:01~DRB1*03:01,C101366=F2~M1;C101367=F2~M1;C101368=F1~M2,2.1043889262250413e-13
457,A*24:02~B*37:01~C*06:02~DQB1*02:01~DRB1*07:01,A*01:01~B*55:01~C*01:02~DQB1*03:01~DRB1*11:01,A*01:01~B*50:01~C*06:02~DQB1*02:01~DRB1*07:01,A*02:01~B*07:02~C*07:02~DQB1*06:02~DRB1*15:01,C101369=F2~M2;C101370=F1~M2;C101371=F2~M1,2.2864956161855846e-14
458,A*24:02~B*08:01~C*07:01~DQB1*02:01~DRB1*03:01,A*02:01~B*56:01~C*01:02~DQB1*05:01~DRB1*01:01,A*03:01~B*07:02~C*07:02~DQB1*03:01~DRB1*04:01,A*02:01~B*40:01~C*03:04~DQB1*06:04~DRB1*13:02,C101372=F2~M1;C101373=F1~M2;C101374=F2~M2,6.22581306791816e-11
459,A*24:02~B*13:02~C*06:02~DQB1*02:01~DRB1*07:01,A*02:01~B*15:01~C*03:04~DQB1*03:02~DRB1*04:01,A*26:01~B*55:01~C*01:02~DQB1*03:01~DRB1*11:01,A*32:01~B*51:01~C*15:02~DQB1*06:02~DRB1*15:01,C101375=F1~M2;C101376=F1~M2;C101377=F1~M2,2.1101309460365311e-13
460,A*02:01~B*15:01~C*03:03~DQB1*02:01~DRB1*03:01,A*32:01~B*44:02~C*05:01~DQB1*03:01~DRB1*12:01,A*01:01~B*08:01~C*07:01~DQB1*02:01~DRB1*03:01,A*68:01~B*27:05~C*02:02~DQB1*06:03~DRB1*13:01,C101378=F1~M1;C101379=F2~M1;C101380=F2~M1,1.852387322553302e-11
463,A*03:01~B*07:02~C*07:02~DQB1*05:01~DRB1*01:01,A*30:01~B*49:01~C*07:01~DQB1*03:01~DRB1*11:02,A*01:01~B*57:01~C*06:02~DQB1*03:02~DRB1*04:04,A*02:01~B*51:01~C*14:02~DQB1*06:02~DRB1*15:01,C101387=F2~M1;C101388=F2~M1;C101389=F1~M1,3.655798921055276e-15
464,A*02:01~B*39:06~C*07:02~DQB1*03:01~DRB1*11:01,A*11:01~B*35:01~C*04:01~DQB1*05:01~DRB1*01:01,A*02:01~B*57:01~C*06:02~DQB1*03:03~DRB1*07:01,A*02:01~B*44:02~C*05:01~DQB1*03:01~DRB1*04:01,C101390=F1~M1;C101391=F1~M2;C101392=F2~M1,8.120551279914337e-11
465,A*02:01~B*18:01~C*07:01~DQB1*05:01~DRB1*01:01,A*11:01~B*14:02~C*08:02~DQB1*06:09~DRB1*13:02,A*26:01~B*27:05~C*01:02~DQB1*05:01~DRB1*01:01,A*01:01~B*57:01~C*06:02~DQB1*03:03~DRB1*07:01,C101393=F1~M1;C101394=F1~M2;C101395=F1~M2,1.8095887453949503e-12
466,A*24:02~B*27:05~C*03:03~DQB1*03:03~DRB1*09:01,A*03:01~B*07:02~C*07:02~DQB1*06:02~DRB1*15:01,A*11:01~B*08:01~C*07:01~DQB1*06:03~DRB1*13:01,A*02:01~B*35:01~C*04:01~DQB1*05:01~DRB1*01:01,C101396=F1~M1;C101397=F1~M1;C101398=F2~M1,9.613406121520015e-15
467,A*32:01~B*14:01~C*08:02~DQB1*06:03~DRB1*13:01,A*24:02~B*14:02~C*08:02~DQB1*02:01~DRB1*07:01,A*30:01~B*35:02~C*04:01~DQB1*03:01~DRB1*11:04,A*24:02~B*40:02~C*03:04~DQB1*02:01~DRB1*07:01,C101399=F1~M1;C101400=F1~M1;C101401=F1~M2,2.6297269980482513e-18
468,A*25:01~B*18:01~C*12:03~DQB1*06:02~DRB1*15:01,A*26:01~B*51:01~C*15:02~DQB1*03:01~DRB1*11:04,A*31:01~B*18:01~C*07:01~DQB1*03:03~DRB1*07:01,A*01:01~B*41:02~C*17:01~DQB1*03:01~DRB1*11:01,C101402=F1~M1;C101403=F2~M1;C101404=F1~M2,1.9966891339319173e-17
469,A*01:01~B*08:01~C*07:01~DQB1*02:01~DRB1*03:01,A*01:01~B*57:01~C*06:02~DQB1*03:01~DRB1*11:01,A*32:01~B*27:05~C*01:02~DQB1*06:03~DRB1*13:01,A*01:01~B*35:03~C*12:03~DQB1*06:02~DRB1*15:01,C101405=F1~M2;C101406=F1~M2;C101407=F1~M2,1.0595775881362134e-13
470,A*24:02~B*52:01~C*12:02~DQB1*06:01~DRB1*15:02,A*02:01~B*07:02~C*07:02~DQB1*06:02~DRB1*15:01,A*01:01~B*27:05~C*01:02~DQB1*02:01~DRB1*03:01,A*24:02~B*35:02~C*04:01~DQB1*04:02~DRB1*08:01,C101408=F1~M1;C101409=F2~M1;C101410=F2~M2,7.55167371370664e-15
473,A*24:02~B*51:07~C*14:02~DQB1*03:01~DRB1*11:01,A*11:01~B*51:01~C*15:02~DQB1*05:03~DRB1*14:01,A*68:01~B*51:01~C*05:01~DQB1*04:02~DRB1*08:01,A*68:02~B*14:02~C*08:02~DQB1*03:01~DRB1*13:03,C101417=F1~M2;C101418=F2~M2;C101419=F1~M2,5.037301045034991e-16
474,A*24:02~B*13:02~C*06:02~DQB1*02:01~DRB1*07:01,A*03:01~B*47:01~C*06:02~DQB1*06:03~DRB1*13:01,A*02:01~B*08:01~C*07:01~DQB1*02:01~DRB1*03:01,A*31:01~B*40:01~C*03:04~DQB1*03:02~DRB1*04:04,C101420=F1~M2;C101421=F1~M1;C101422=F1~M1,5.008392727482414e-11
475,A*33:03~B*58:01~C*03:02~DQB1*02:01~DRB1*03:01,A*02:01~B*51:01~C*02:02~DQB1*06:02~DRB1*15:01,A*02:01~B*51:01~C*01:02~DQB1*05:01~DRB1*01:01,A*03:01~B*14:01~C*08:02~DQB1*02:01~DRB1*07:01,C101423=F1~M1;C101424=F2~M2;C101425=F1~M1,6.078453863759557e-14
476,A*01:01~B*08:01~C*07:01~DQB1*02:01~DRB1*03:01,A*02:01~B*15:01~C*03:04~DQB1*05:01~DRB1*01:01,A*24:02~B*35:01~C*04:01~DQB1*03:01~DRB1*11:04,A*32:01~B*35:01~C*04:01~DQB1*06:03~DRB1*13:01,C101426=F2~M2;C101427=F1~M1;C101428=F2~M2,4.652958164148841e-12
477,A*01:01~B*57:01~C*06:02~DQB1*03:01~DRB1*13:05,A*24:02~B*35:02~C*04:01~DQB1*03:01~DRB1*11:04,A*02:01~B*15:01~C*03:03~DQB1*06:03~DRB1*13:01,A*29:02~B*44:03~C*16:01~DQB1*06:03~DRB1*13:01,C101429=F1~M2;C101430=F1~M2;C101431=F2~M1,2.3255600291428175e-11
478,A*02:01~B*35:02~C*04:01~DQB1*03:01~DRB1*11:04,A*02:01~B*40:01~C*03:04~DQB1*06:02~DRB1*15:01,A*02:01~B*44:02~C*05:01~DQB1*03:03~DRB1*07:01,A*01:01~B*35:02~C*04:01~DQB1*03:01~DRB1*12:01,C101432=F2~M2;C101433=F2~M1;C101434=F1~M1,6.334628036245655e-14
479,A*02:01~B*50:01~C*06:02~DQB1*06:04~DRB1*13:02,A*03:01~B*15:01~C*03:03~DQB1*03:01~DRB1*12:01,A*24:31~B*15:01~C*03:03~DQB1*02:01~DRB1*07:01,A*25:01~B*40:01~C*03:04~DQB1*02:01~DRB1*07:01,C101435=F1~M1;C101436=F1~M1;C101437=F1~M1,5.52989824926575e-19
480,A*01:01~B*57:01~C*06:02~DQB1*03:03~DRB1*07:01,A*01:01~B*08:01~C*07:01~DQB1*02:01~DRB1*03:01,A*03:01~B*07:02~C*07:02~DQB1*06:03~DRB1*13:01,A*03:01~B*08:01~C*07:01~DQB1*02:01~DRB1*03:01,C101438=F1~M1;C101439=F2~M2;C101440=F2~M2,1.1645310746006278e-08
482,A*02:01~B*44:02~C*05:01~DQB1*06:02~DRB1*15:01,A*68:01~B*40:01~C*03:04~DQB1*03:01~DRB1*04:01,A*02:01~B*57:01~C*06:02~DQB1*03:02~DRB1*04:04,A*02:01~B*44:02~C*05:01~DQB1*03:01~DRB1*12:01,C101444=F1~M1;C101445=F2~M2;C101446=F1~M2,2.5618004274621407e-12
483,A*26:01~B*38:01~C*12:03~DQB1*03:02~DRB1*04:02,A*11:01~B*40:01~C*03:04~DQB1*03:02~DRB1*04:04,A*25:01~B*44:02~C*05:01~DQB1*03:01~DRB1*11:01,A*25:01~B*08:01~C*07:01~DQB1*03:01~DRB1*11:04,C101447=F1~M2;C101448=F2~M1,8.279447561079171e-14
484,A*01:01~B*13:02~C*06:02~DQB1*02:01~DRB1*07:01,A*24:02~B*51:01~C*15:02~DQB1*03:02~DRB1*04:01,A*01:01~B*08:01~C*07:01~DQB1*02:01~DRB1*03:01,A*30:01~B*13:02~C*06:02~DQB1*02:01~DRB1*07:01,C101450=F2~M1;C101451=F1~M1;C101452=F2~M2,1.8092720913218266e-10
485,A*24:02~B*27:05~C*01:02~DQB1*05:01~DRB1*01:01,A*02:01~B*35:01~C*04:01~DQB1*06:03~DRB1*13:01,A*01:01~B*08:01~C*07:01~DQB1*02:01~DRB1*03:01,A*01:01~B*57:01~C*06:02~DQB1*03:03~DRB1*07:01,C101453=F2~M1;C101454=F2~M2;C101455=F1~M1,2.714335631427094e-10
486,A*02:01~B*35:01~C*04:01~DQB1*06:03~DRB1*13:01,A*31:01~B*51:01~C*15:02~DQB1*02:01~DRB1*07:01,A*02:01~B*44:03~C*16:01~DQB1*02:01~DRB1*07:01,A*02:01~B*49:01~C*07:01~DQB1*03:02~DRB1*04:05,C101456=F2~M2;C101457=F2~M2;C101458=F1~M1,1.0195994206714563e-13
487,A*23:01~B*44:03~C*04:01~DQB1*02:01~DRB1*07:01,A*02:01~B*07:02~C*07:02~DQB1*06:02~DRB1*15:01,A*29:02~B*44:03~C*16:01~DQB1*02:01~DRB1*07:01,A*02:01~B*57:01~C*06:02~DQB1*03:02~DRB1*04:04,C101459=F2~M2;C101460=F2~M1;C101461=F1~M2,6.850803298083958e-10
488,A*33:01~B*14:02~C*08:02~DQB1*02:01~DRB1*03:01,A*01:01~B*08:01~C*07:01~DQB1*06:02~DRB1*15:01,A*25:01~B*44:02~C*05:01~DQB1*05:01~DRB1*01:01,A*33:01~B*14:02~C*08:02~DQB1*05:01~DRB1*01:02,C101462=F2~M2;C101463=F2~M1;C101464=F2~M2,4.5590221398087274e-11
489,A*24:02~B*57:03~C*07:01~DQB1*06:04~DRB1*13:02,A*02:05~B*50:01~C*06:02~DQB1*05:01~DRB1*10:01,A*03:01~B*18:01~C*05:01~DQB1*02:01~DRB1*03:01,A*02:01~B*07:02~C*07:02~DQB1*02:01~DRB1*07:01,C101465=F1~M1;C101466=F2~M2;C101467=F1~M1,6.994826536492073e-16
490,A*24:02~B*40:02~C*02:02~DQB1*03:01~DRB1*11:01,A*24:02~B*48:01~C*08:03~DQB1*04:02~DRB1*08:02,A*32:01~B*44:17~C*05:01~DQB1*03:02~DRB1*04:01,A*03:01~B*56:01~C*07:02~DQB1*05:01~DRB1*01:01,C101468=F2~M1;C101469=F2~M2;C101470=F1~M2,1.0378351827610333e-18
491,A*11:01~B*35:01~C*04:01~DQB1*05:01~DRB1*01:03,A*02:01~B*27:05~C*02:02~DQB1*05:01~DRB1*01:01,A*02:01~B*57:01~C*07:02~DQB1*03:03~DRB1*07:01,A*02:01~B*44:02~C*05:01~DQB1*06:02~DRB1*15:01,C101471=F1~M1;C101472=F2~M1;C101473=F1~M1,4.170556226006606e-13
492,A*03:01~B*44:02~C*05:01~DQB1*03:01~DRB1*11:01,A*31:01~B*08:01~C*07:01~DQB1*03:02~DRB1*04:03,A*02:01~B*18:01~C*07:01~DQB1*03:01~DRB1*11:01,A*02:01~B*40:02~C*02:02~DQB1*06:03~DRB1*13:01,C101474=F2~M2;C101475=F1~M1;C101476=F1~M2,5.6258317880795355e-16
493,A*02:01~B*52:01~C*12:02~DQB1*06:01~DRB1*15:02,A*02:01~B*40:01~C*03:04~DQB1*04:02~DRB1*08:01,A*02:01~B*41:01~C*17:01~DQB1*02:01~DRB1*03:01,A*11:01~B*07:02~C*07:02~DQB1*06:02~DRB1*15:01,C101477=F1~M2;C101478=F1~M2;C101479=F1~M2,4.2970201365054945e-12
494,A*03:01~B*07:02~C*07:02~DQB1*06:02~DRB1*15:01,A*02:01~B*13:02~C*06:02~DQB1*02:01~DRB1*07:01,A*02:01~B*07:02~C*07:02~DQB1*03:03~DRB1*07:01,A*03:01~B*35:01~C*04:01~DQB1*05:01~DRB1*01:01,C101480=F2~M2;C101481=F1~M1;C101482=F2~M1,3.2251269340017362e-09
495,A*68:01~B*44:02~C*07:04~DQB1*03:01~DRB1*11:01,A*01:01~B*08:01~C*07:01~DQB1*02:01~DRB1*03:01,A*29:02~B*44:03~C*16:01~DQB1*06:02~DRB1*15:01,A*24:02~B*58:01~C*05:01~DQB1*03:01~DRB1*01:03,C101483=F1~M2;C101484=F1~M2;C101485=F2~M1,3.597866002561788e-14
496,A*02:01~B*15:01~C*03:03~DQB1*03:01~DRB1*04:01,A*02:01~B*40:01~C*03:04~DQB1*06:04~DRB1*13:02,A*01:01~B*13:02~C*06:02~DQB1*02:01~DRB1*07:01,A*29:02~B*44:03~C*16:01~DQB1*02:01~DRB1*07:01,C101486=F2~M2;C101487=F2~M1;C101488=F2~M1,4.799807602308657e-10
497,A*33:03~B*58:01~C*03:02~DQB1*06:09~DRB1*13:02,A*02:01~B*44:02~C*05:01~DQB1*06:02~DRB1*15:01,A*23:01~B*35:01~C*04:01~DQB1*06:03~DRB1*13:01,A*01:01~B*07:02~C*07:02~DQB1*03:01~DRB1*11:04,C101489=F1~M1;C101490=F1~M2;C101491=F1~M1,9.269650930798254e-15
498,A*02:01~B*55:01~C*03:03~DQB1*05:02~DRB1*16:01,A*01:01~B*52:01~C*12:02~DQB1*06:01~DRB1*15:02,A*33:01~B*14:02~C*08:02~DQB1*05:01~DRB1*01:02,A*68:02~B*51:01~C*02:02~DQB1*06:02~DRB1*15:01,C101492=F1~M1;C101493=F2~M1;C101494=F2~M2,2.7568190337936394e-14
499,A*11:01~B*08:01~C*07:01~DQB1*02:01~DRB1*03:01,A*02:01~B*44:05~C*02:02~DQB1*05:03~DRB1*14:01,A*01:01~B*08:01~C*07:01~DQB1*02:01~DRB1*03:01,A*29:01~B*07:05~C*15:05~DQB1*05:01~DRB1*10:01,C101495=F1~M2;C101496=F1~M1;C101497=F1~M1,1.2243153590417482e-11
500,A*33:03~B*51:01~C*15:02~DQB1*03:03~DRB1*07:01,A*01:01~B*45:01~C*06:02~DQB1*02:01~DRB1*07:01,A*02:01~B*57:01~C*06:02~DQB1*04:02~DRB1*08:01,A*02:01~B*51:01~C*14:02~DQB1*05:02~DRB1*16:04,C101498=F1~M1;C101499=F2~M2;C101500=F1~M2,1.9807628315314126e-19
